Nome;Minuti.Partita;Fiel.Goal;Fiel.Goal.Provati;Percentuale.Fiel.Goal;Canestri.Segnati.3;Tiri.da.3;Percentuale.Tiri.3;Canestri.Segnati.2;Tiri.da.2;Percentuale.Tiri.2;efficienza.tiri;Tiri.Liberi.Segnati;Tiri.Liberi.Tirati;Percentuale.Tiri.Liberi;Rimbalzi.Offensivi;Rimbalzi.Difensivi;Rimbalzi.Totali;Assist.Totali;Palle.Rubate;Blocchi.a.Partita;Guadagno.a.Partita;Falli.Personali;Punti.Totali.Partita;Valutazione;Canestri.Partita;;;Punti,Totali,Partita;Tiri,Liberi,Segnati;Canestri,Segnati,3;Canestri.Segnati.2
Allen Iverson;43.7;11.1;27.8;39.8;1.3;4.5;29.1;9,8;;;;7.9;9.8;81.2;0.7;3.8;4.5;5.5;2.8;0.2;4.0;1.7;31.4;4.7;28,8;;;31,4;7,9;1,3;9,8
Shaquille O'Neal;36.1;10.6;18.3;57.9;0.0;0.0;0.0;10,65;;;;5.9;10.7;55.5;3.5;7.2;10.7;3.0;0.6;2.0;2.6;3.0;27.2;8.5;27,2;;;27,2;5,9;0;10,65
Paul Pierce;40.2;8.6;19.5;44.2;2.6;6.3;40.4;6;;;;6.3;7.8;80.9;1.0;5.9;6.9;3.2;1.9;1.0;2.9;2.9;26.1;3.8;20,9;;;26,1;6,3;2,6;6
Tracy McGrady;38.3;9.4;20.9;45.1;1.4;3.7;36.4;7,95;;;;5.5;7.3;74.8;2.0;5.9;7.8;5.3;1.6;1.0;2.5;1.8;25.6;3.9;22,8;;;25,6;5,5;1,4;7,95
Tim Duncan;40.6;9.3;18.3;50.8;0.0;0.1;10.0;9,35;;;;6.8;8.5;79.9;3.3;9.4;12.7;3.7;0.7;2.5;3.2;2.6;25.5;6.8;25,5;;;25,5;6,8;0;9,35
Kobe Bryant;38.3;9.4;20.0;46.9;0.4;1.7;25.0;8,95;;;;6.1;7.4;82.9;1.4;4.1;5.5;5.5;1.5;0.4;2.8;2.9;25.2;5.6;24,4;;;25,2;6,1;0,4;8,95
Vince Carter;39.8;9.3;21.8;42.8;2.0;5.2;38.7;7,3;;;;4.1;5.1;79.8;2.3;2.9;5.2;4.0;1.6;0.8;2.6;3.2;24.7;1.1;20,7;;;24,7;4,1;2;7,3
Chris Webber;38.4;9.9;19.9;49.5;0.1;0.4;26.3;9,75;;;;4.7;6.3;74.9;2.8;7.3;10.1;4.8;1.7;1.4;2.9;3.4;24.5;7.6;24,3;;;24,5;4,7;0,1;9,75
Dirk Nowitzki;38.0;7.9;16.6;47.7;1.8;4.6;39.7;6,1;;;;5.8;6.8;85.3;1.6;8.4;9.9;2.4;1.1;1.0;1.9;2.9;23.4;5.4;19,8;;;23,4;5,8;1,8;6,1
Michael Jordan;34.8;9.2;22.1;41.6;0.2;0.9;18.9;8,95;;;;4.4;5.6;79.0;0.8;4.8;5.7;5.2;1.4;0.4;2.7;2.0;22.9;0.3;22,5;;;22,9;4,4;0,2;8,95
Karl Malone;38.0;7.9;17.5;45.4;0.1;0.3;36.0;7,85;;;;6.4;8.0;79.7;1.8;6.8;8.6;4.3;1.9;0.7;3.3;2.9;22.4;0.6;22,2;;;22,4;6,4;0,1;7,85
Antoine Walker;42.1;8.2;20.9;39.4;2.7;8.0;34.4;5,5;;;;3.0;4.0;74.1;1.9;7.0;8.8;5.0;1.5;0.5;3.1;2.9;22.1;3.0;16,7;;;22,1;3;2,7;5,5
Gary Payton;40.2;9.0;19.2;46.7;0.9;2.9;31.4;8,05;;;;3.3;4.1;79.7;1.0;3.9;4.8;9.0;1.6;0.3;2.5;2.2;22.1;2.5;20,3;;;22,1;3,3;0,9;8,05
Ray Allen;36.6;7.7;16.6;46.2;3.3;7.7;43.4;4,4;;;;3.1;3.6;87.3;1.2;3.3;4.5;3.9;1.3;0.3;2.3;2.3;21.8;0.7;15,2;;;21,8;3,1;3,3;4,4
Cuttino Mobley;42.1;8.0;18.4;43.8;2.0;5.1;39.5;6,05;;;;3.6;4.2;85.0;0.9;3.2;4.1;2.5;1.5;0.5;2.4;2.6;21.7;-2.6;17,7;;;21,7;3,6;2;6,05
Steve Francis;41.1;7.4;17.7;41.7;1.2;3.7;32.4;6,15;;;;5.7;7.4;77.3;1.8;5.2;7.0;6.4;1.2;0.4;3.9;3.0;21.6;-0.9;19,2;;;21,6;5,7;1,2;6,15
Jamal Mashburn;39.9;7.6;18.6;40.7;1.0;2.8;36.6;6,6;;;;5.3;6.0;87.6;0.8;5.3;6.1;4.3;1.1;0.2;2.8;2.0;21.5;1.2;19,5;;;21,5;5,3;1;6,6
Jerry Stackhouse;35.3;6.9;17.4;39.7;1.1;3.9;28.7;5,8;;;;6.5;7.6;85.8;1.0;3.1;4.1;5.3;1.0;0.5;3.5;2.1;21.4;1.3;19,2;;;21,4;6,5;1,1;5,8
Shareef Abdur-Rahim;38.7;7.8;16.8;46.1;0.3;0.9;30.0;7,45;;;;5.4;6.8;80.1;2.6;6.5;9.0;3.1;1.3;1.1;3.2;2.8;21.2;-2.9;20,6;;;21,2;5,4;0,3;7,45
Peja Stojakovic;37.3;7.7;15.9;48.4;1.8;4.4;41.6;5,9;;;;4.0;4.5;87.6;1.0;4.2;5.3;2.5;1.1;0.2;2.0;1.7;21.2;5.4;17,6;;;21,2;4;1,8;5,9
Kevin Garnett;39.2;8.1;17.3;47.0;0.5;1.4;31.9;7,65;;;;4.4;5.5;80.1;3.0;9.1;12.1;5.2;1.2;1.6;2.8;2.3;21.2;4.4;20,2;;;21,2;4,4;0,5;7,65
Glenn Robinson;35.6;8.1;17.4;46.7;0.9;2.7;32.6;7,2;;;;3.6;4.3;83.7;1.1;5.1;6.2;2.5;1.5;0.6;2.6;2.6;20.7;-1.1;18,9;;;20,7;3,6;0,9;7,2
Michael Finley;39.9;8.2;17.8;46.3;1.1;3.2;33.9;7,15;;;;3.0;3.6;83.7;1.3;3.9;5.2;3.3;0.9;0.4;1.7;2.1;20.6;3.2;18,4;;;20,6;3;1,1;7,15
Jalen Rose;38.0;8.0;17.6;45.5;1.1;3.0;36.2;6,85;;;;3.4;4.0;83.9;0.5;4.0;4.5;4.3;0.9;0.5;2.4;3.0;20.4;-1.5;18,2;;;20,4;3,4;1,1;6,85
Stephon Marbury;38.9;7.6;17.2;44.2;0.9;3.0;28.6;6,7;;;;4.3;5.5;78.1;0.9;2.3;3.2;8.1;0.9;0.2;3.5;2.3;20.4;-1.2;18,6;;;20,4;4,3;0,9;6,7
Allan Houston;37.9;7.4;16.9;43.7;1.8;4.5;39.3;5,6;;;;3.8;4.4;87.0;0.5;2.8;3.3;2.5;0.7;0.1;2.2;2.4;20.4;-4.5;16,8;;;20,4;3,8;1,8;5,6
Richard Hamilton;34.9;7.5;17.2;43.5;0.3;0.7;38.1;7,15;;;;4.8;5.3;89.0;1.2;2.3;3.4;2.7;0.6;0.2;2.1;2.2;20.0;-0.4;19,4;;;20;4,8;0,3;7,15
Antawn Jamison;37.0;7.5;16.8;44.7;0.8;2.6;32.4;6,7;;;;3.9;5.4;73.4;2.6;4.2;6.8;2.0;0.9;0.5;2.0;2.3;19.7;-4.5;18,1;;;19,7;3,9;0,8;6,7
Sam Cassell;35.2;7.5;16.2;46.3;1.0;2.8;34.8;6,45;;;;3.8;4.4;86.0;0.7;3.5;4.2;6.7;1.2;0.2;2.4;2.8;19.7;1.5;17,7;;;19,7;3,8;1;6,45
Latrell Sprewell;41.1;7.1;17.5;40.4;1.8;5.0;36.0;5,25;;;;3.5;4.3;82.1;0.7;3.0;3.7;3.9;1.2;0.2;2.8;2.0;19.4;-2.9;15,8;;;19,4;3,5;1,8;5,25
Jason Terry;38.0;6.7;15.6;43.0;2.2;5.7;38.7;4,55;;;;3.6;4.4;83.5;0.5;2.9;3.5;5.7;1.8;0.2;2.3;2.0;19.3;-2.1;14,9;;;19,3;3,6;2,2;4,55
Rasheed Wallace;37.5;7.6;16.3;46.9;1.4;4.0;36.0;6,3;;;;2.5;3.5;73.4;1.7;6.4;8.2;1.9;1.3;1.3;1.7;2.7;19.3;4.6;16,5;;;19,3;2,5;1,4;6,3
Shawn Marion;38.4;8.1;17.2;46.9;0.6;1.5;39.3;7,45;;;;2.4;2.8;84.5;2.6;7.3;9.9;2.0;1.8;1.1;1.8;2.6;19.1;-0.1;17,9;;;19,1;2,4;0,6;7,45
Jermaine O'Neal;37.6;7.5;15.7;47.9;0.0;0.2;7.1;7,55;;;;3.9;5.7;68.8;2.6;7.9;10.5;1.6;0.6;2.3;2.4;3.7;19.0;1.4;19;;;19;3,9;0;7,55
Wally Szczerbiak;38.1;7.4;14.6;50.7;1.1;2.3;45.5;6,3;;;;2.8;3.3;83.1;1.5;3.3;4.8;3.1;0.8;0.3;2.2;2.3;18.7;3.4;16,5;;;18,7;2,8;1,1;6,3
Nick Van Exel;34.7;7.0;17.0;40.9;1.7;4.9;34.0;5,25;;;;2.8;3.5;80.1;0.4;3.1;3.5;6.6;0.6;0.2;2.2;1.4;18.4;-1.9;15;;;18,4;2,8;1,7;5,25
Eddie Jones;39.0;6.4;14.8;43.2;1.8;4.7;39.0;4,6;;;;3.7;4.4;83.7;0.8;3.9;4.7;3.2;1.4;1.0;1.8;3.2;18.3;0.9;14,7;;;18,3;3,7;1,8;4,6
Elton Brand;37.7;6.7;12.6;52.7;0.0;0.0;0.0;6,65;;;;4.9;6.6;74.2;5.0;6.6;11.6;2.4;1.0;2.0;2.2;3.2;18.2;0.1;18,2;;;18,2;4,9;0;6,65
Baron Davis;40.5;6.8;16.4;41.7;2.1;5.8;35.6;4,7;;;;2.4;4.1;58.0;1.1;3.1;4.3;8.5;2.1;0.6;3.0;2.9;18.1;1.8;13,9;;;18,1;2,4;2,1;4,7
Steve Nash;34.6;6.4;13.3;48.3;1.9;4.2;45.5;4,5;;;;3.2;3.6;88.7;0.6;2.5;3.1;7.7;0.6;0.0;2.8;2.0;17.9;3.8;14,1;;;17,9;3,2;1,9;4,5
Pau Gasol;36.6;6.7;13.0;51.8;0.0;0.1;20.0;6,75;;;;4.1;5.8;70.9;2.9;6.0;8.9;2.7;0.5;2.1;2.7;2.4;17.6;-3.8;17,6;;;17,6;4,1;0;6,75
Bonzi Wells;31.8;6.6;14.0;46.9;0.9;2.3;38.4;5,7;;;;2.9;3.9;74.1;1.6;4.4;6.0;2.8;1.5;0.3;2.6;2.8;17.0;2.4;15,2;;;17;2,9;0,9;5,7
Rashard Lewis;36.4;6.4;13.7;46.8;1.7;4.5;38.9;4,7;;;;2.3;2.8;81.0;2.0;5.1;7.0;1.7;1.5;0.6;1.4;2.5;16.8;4.0;13,4;;;16,8;2,3;1,7;4,7
Grant Hill;36.7;5.9;13.9;42.6;0.0;0.1;0.0;5,95;;;;4.9;5.7;86.3;2.1;6.9;8.9;4.6;0.6;0.3;2.6;2.9;16.8;0.6;16,8;;;16,8;4,9;0;5,95
Lamond Murray;32.5;6.1;13.9;43.6;1.4;3.4;42.4;4,7;;;;3.0;3.7;81.7;1.1;4.1;5.2;2.2;1.0;0.6;2.0;2.1;16.6;-1.5;13,8;;;16,6;3;1,4;4,7
Reggie Miller;36.6;5.2;11.6;45.3;2.3;5.6;40.6;2,95;;;;3.7;4.1;91.1;0.3;2.5;2.8;3.2;1.1;0.1;1.5;1.8;16.5;-0.1;11,9;;;16,5;3,7;2,3;2,95
Andre Miller;37.3;5.9;12.9;45.4;0.3;1.1;25.3;5,55;;;;4.5;5.5;81.7;1.3;3.3;4.7;10.9;1.6;0.4;3.0;2.8;16.5;-1.3;15,9;;;16,5;4,5;0,3;5,55
Alonzo Mourning;32.7;6.0;11.5;51.6;0.0;0.0;33.3;5,95;;;;3.8;5.7;65.7;2.4;6.0;8.4;1.2;0.4;2.5;2.4;3.4;15.7;0.7;15,7;;;15,7;3,8;0;5,95
Mike Miller;33.8;5.6;12.7;43.8;1.8;4.8;38.3;3,8;;;;2.2;2.9;76.2;0.8;3.6;4.3;3.1;0.7;0.4;1.7;2.3;15.2;2.7;11,6;;;15,2;2,2;1,8;3,8
Derrick Coleman;35.9;5.7;12.7;45.0;0.5;1.4;33.7;5,2;;;;3.2;3.9;81.5;2.9;5.9;8.8;1.7;0.7;0.9;2.1;2.7;15.1;1.9;14,1;;;15,1;3,2;0,5;5,2
Wesley Person;35.8;6.0;12.1;49.5;1.8;4.1;44.4;4,2;;;;1.3;1.6;79.8;0.6;3.1;3.8;2.2;1.0;0.5;0.9;1.2;15.1;-0.5;11,5;;;15,1;1,3;1,8;4,2
Kenyon Martin;34.3;6.1;13.2;46.3;0.2;0.9;22.4;5,9;;;;2.5;3.7;67.8;1.5;3.8;5.3;2.6;1.2;1.7;2.4;3.6;14.9;4.1;14,5;;;14,9;2,5;0,2;5,9
Donyell Marshall;30.2;5.9;11.4;51.9;0.2;0.7;31.0;5,7;;;;2.8;3.9;70.8;2.7;4.9;7.6;1.7;0.9;1.2;2.1;2.6;14.8;-3.7;14,4;;;14,8;2,8;0,2;5,7
Keith Van Horn;30.4;5.8;13.4;43.3;1.2;3.6;34.5;4,65;;;;1.9;2.4;80.0;1.7;5.8;7.5;2.0;0.8;0.5;1.8;2.7;14.8;2.7;12,4;;;14,8;1,9;1,2;4,65
Jason Williams;34.4;5.8;15.2;38.2;2.0;6.6;29.5;3,8;;;;1.2;1.6;79.2;0.3;2.7;3.0;8.0;1.7;0.1;3.3;1.6;14.8;-5.0;10,8;;;14,8;1,2;2;3,8
Jason Kidd;37.3;5.4;13.9;39.1;1.4;4.4;32.1;4;;;;2.5;3.0;81.4;1.6;5.7;7.3;9.9;2.1;0.2;3.5;1.7;14.7;4.2;11,9;;;14,7;2,5;1,4;4
Juwan Howard;32.5;5.7;12.4;46.0;0.0;0.0;0.0;5,7;;;;3.2;4.2;76.1;2.8;4.8;7.6;2.1;0.6;0.6;1.9;3.3;14.6;-1.5;14,6;;;14,6;3,2;0;5,7
Jeff McInnis;37.4;5.7;13.8;41.3;0.9;2.9;32.1;4,8;;;;2.3;2.7;83.6;0.6;2.1;2.6;6.2;0.8;0.1;1.8;2.5;14.6;-1.0;12,8;;;14,6;2,3;0,9;4,8
Clifford Robinson;35.7;5.7;13.4;42.5;1.4;3.8;37.8;4,3;;;;1.8;2.6;69.4;1.0;3.9;4.8;2.5;1.1;1.2;1.9;3.0;14.6;1.3;11,8;;;14,6;1,8;1,4;4,3
Antonio Davis;38.7;5.3;12.5;42.6;0.0;0.0;0.0;5,35;;;;3.8;4.6;81.8;3.3;6.3;9.6;2.0;0.7;1.1;2.1;2.9;14.5;-0.1;14,5;;;14,5;3,8;0;5,35
Shane Battier;39.7;5.3;12.3;42.9;1.3;3.5;37.3;4;;;;2.5;3.6;70.0;2.3;3.1;5.4;2.8;1.6;1.0;2.0;2.8;14.4;-3.7;11,8;;;14,4;2,5;1,3;4
Jason Richardson;32.8;5.8;13.6;42.6;1.0;3.1;33.3;4,8;;;;1.8;2.6;67.1;1.6;2.7;4.3;3.0;1.3;0.4;2.0;2.4;14.4;-3.4;12,4;;;14,4;1,8;1;4,8
Brent Barry;37.5;5.0;9.8;50.8;2.0;4.8;42.4;3;;;;2.4;2.9;84.6;0.7;4.7;5.4;5.3;1.8;0.5;2.0;2.2;14.4;2.5;10,4;;;14,4;2,4;2;3
David Wesley;37.2;5.4;13.6;40.0;1.3;3.8;33.2;4,1;;;;2.1;2.8;73.4;0.7;1.5;2.1;3.5;1.1;0.2;1.8;2.2;14.2;-1.1;11,6;;;14,2;2,1;1,3;4,1
Kenny Thomas;34.5;5.5;11.5;47.8;0.0;0.2;0.0;5,5;;;;3.1;4.7;66.4;2.2;5.0;7.2;1.9;1.2;0.9;2.0;2.7;14.1;-3.8;14,1;;;14,1;3,1;0;5,5
Vin Baker;31.1;5.7;11.8;48.5;0.0;0.1;12.5;5,75;;;;2.6;4.1;63.3;3.1;3.3;6.4;1.3;0.4;0.7;2.3;3.6;14.1;-0.5;14,1;;;14,1;2,6;0;5,75
Morris Peterson;31.6;5.3;12.2;43.8;1.3;3.7;36.4;4,05;;;;2.0;2.7;75.1;1.4;2.1;3.5;2.4;1.2;0.2;1.4;2.8;14.0;-0.2;11,4;;;14;2;1,3;4,05
Elden Campbell;28.0;5.0;10.3;48.4;0.0;0.0;0.0;4,95;;;;4.0;5.0;79.7;1.7;5.2;6.9;1.3;0.8;1.8;1.8;3.4;13.9;0.1;13,9;;;13,9;4;0;4,95
Kurt Thomas;33.8;5.6;11.4;49.4;0.0;0.1;16.7;5,65;;;;2.6;3.2;81.5;2.6;6.5;9.1;1.1;0.9;1.0;1.9;4.2;13.9;-3.5;13,9;;;13,9;2,6;0;5,65
Ron Mercer;32.4;5.9;14.8;39.7;0.3;1.2;29.0;5,6;;;;1.8;2.2;79.8;0.9;2.4;3.4;2.4;0.6;0.2;1.7;2.0;13.9;-6.7;13,3;;;13,9;1,8;0,3;5,6
Mike Bibby;33.2;5.6;12.3;45.3;0.6;1.7;37.0;5;;;;1.9;2.4;80.3;0.5;2.3;2.8;5.0;1.1;0.2;1.7;1.7;13.7;4.9;12,5;;;13,7;1,9;0,6;5
Corliss Williamson;21.9;5.3;10.3;51.0;0.0;0.1;20.0;5,25;;;;3.1;3.8;80.5;1.5;2.6;4.1;1.2;0.6;0.3;1.8;2.9;13.6;1.8;13,6;;;13,6;3,1;0;5,25
Brad Miller;29.8;4.8;9.6;49.9;0.0;0.1;42.9;4,85;;;;3.9;5.0;77.5;3.3;4.9;8.2;2.0;1.0;0.5;1.5;3.2;13.6;-2.4;13,6;;;13,6;3,9;0;4,85
Damon Stoudamire;37.2;4.9;12.2;40.2;1.4;3.9;35.3;3,5;;;;2.3;2.6;88.8;1.0;2.9;3.9;6.5;0.9;0.1;2.0;2.0;13.5;2.8;10,7;;;13,5;2,3;1,4;3,5
Raef LaFrentz;31.5;5.4;11.8;45.8;1.3;3.4;38.8;4,15;;;;1.3;1.9;69.5;2.3;5.2;7.4;1.1;0.7;2.7;1.2;3.6;13.5;-0.9;10,9;;;13,5;1,3;1,3;4,15
John Stockton;31.3;4.9;9.5;51.7;0.3;1.0;32.1;4,55;;;;3.4;3.9;85.7;0.7;2.5;3.2;8.2;1.9;0.3;2.5;2.5;13.4;2.0;12,8;;;13,4;3,4;0,3;4,55
Kerry Kittles;31.7;5.3;11.5;46.6;1.2;3.0;40.5;4,1;;;;1.6;2.1;74.4;0.8;2.5;3.4;2.6;1.6;0.4;1.3;1.3;13.4;2.8;11;;;13,4;1,6;1,2;4,1
Quentin Richardson;26.6;5.0;11.4;43.3;1.6;4.3;38.1;3,35;;;;1.8;2.3;76.5;1.4;2.7;4.1;1.6;1.0;0.3;1.3;1.8;13.3;1.0;10,1;;;13,3;1,8;1,6;3,35
Metta World Peace;29.8;4.9;11.6;42.3;1.0;3.1;31.2;3,85;;;;2.5;3.7;66.7;1.3;3.6;4.9;2.3;2.6;0.7;2.1;3.9;13.2;-0.4;11,2;;;13,2;2,5;1;3,85
Al Harrington;29.8;5.2;11.0;47.5;0.0;0.1;33.3;5,25;;;;2.6;3.3;79.9;2.2;4.1;6.3;1.2;0.9;0.5;1.8;3.8;13.1;-1.2;13,1;;;13,1;2,6;0;5,25
Lamar Odom;34.5;5.2;12.4;41.9;0.6;2.9;19.0;4,6;;;;2.1;3.2;65.6;1.1;5.0;6.1;5.9;0.8;1.2;3.3;3.1;13.1;-0.3;11,9;;;13,1;2,1;0,6;4,6
Chauncey Billups;28.7;4.2;10.0;42.3;1.5;3.8;39.4;2,75;;;;2.5;2.9;88.5;0.4;2.3;2.8;5.5;0.8;0.2;1.7;2.1;12.5;2.1;9,5;;;12,5;2,5;1,5;2,75
Desmond Mason;32.2;4.8;10.3;46.4;0.2;0.8;27.1;4,55;;;;2.7;3.2;84.8;1.2;3.5;4.7;1.4;0.9;0.4;1.4;2.3;12.4;3.2;12;;;12,4;2,7;0,2;4,55
Terrell Brandon;30.1;4.8;11.4;42.5;0.1;0.7;17.4;4,75;;;;2.6;2.6;98.8;0.5;2.4;2.9;8.3;1.6;0.2;1.3;1.5;12.4;4.3;12,2;;;12,4;2,6;0,1;4,75
Darrell Armstrong;33.3;4.2;10.1;42.0;1.7;4.9;34.9;2,55;;;;2.2;2.5;88.8;1.0;2.9;3.9;5.5;1.9;0.1;2.1;2.0;12.4;2.5;9;;;12,4;2,2;1,7;2,55
Marcus Fizer;25.9;4.9;11.2;43.8;0.1;0.5;17.1;4,75;;;;2.5;3.7;66.8;1.7;3.9;5.6;1.6;0.6;0.3;1.7;2.4;12.3;-4.0;12,1;;;12,3;2,5;0,1;4,75
Larry Hughes;28.0;4.7;11.1;42.3;0.2;1.3;19.4;4,55;;;;2.6;3.5;73.7;1.1;2.2;3.4;4.3;1.5;0.3;2.3;2.1;12.3;-3.1;11,9;;;12,3;2,6;0,2;4,55
Aaron McKie;30.6;4.6;10.2;44.9;1.1;2.7;39.8;3,45;;;;2.0;2.5;78.7;0.5;3.5;4.0;3.7;1.2;0.3;1.9;1.5;12.2;2.4;10;;;12,2;2;1,1;3,45
David Robinson;29.6;4.4;8.6;50.7;0.0;0.0;0.0;4,4;;;;3.4;5.1;68.1;2.4;5.8;8.3;1.2;1.1;1.8;1.3;2.5;12.2;5.5;12,2;;;12,2;3,4;0;4,4
Chucky Atkins;28.9;4.7;10.0;46.6;1.7;4.3;41.1;2,95;;;;1.1;1.5;69.2;0.4;1.6;2.0;3.3;0.9;0.1;1.6;2.2;12.1;0.7;8,7;;;12,1;1,1;1,7;2,95
Eric Snow;36.5;4.5;10.2;44.2;0.0;0.4;11.1;4,55;;;;3.0;3.7;80.6;0.5;3.0;3.5;6.6;1.6;0.1;2.3;2.7;12.1;3.5;12,1;;;12,1;3;0;4,55
Doug Christie;34.5;4.2;9.1;46.0;1.1;3.2;35.2;3,1;;;;2.5;3.0;85.1;0.9;3.7;4.6;4.2;2.0;0.3;2.0;2.6;12.0;6.0;9,8;;;12;2,5;1,1;3,1
Lorenzen Wright;29.1;5.2;11.3;45.9;0.0;0.0;0.0;5,2;;;;1.6;2.9;56.9;3.0;6.4;9.4;1.0;0.7;0.5;1.7;2.9;12.0;-3.4;12;;;12;1,6;0;5,2
Anfernee Hardaway;30.8;4.9;11.6;41.8;0.3;1.0;27.7;4,55;;;;2.0;2.4;81.0;1.2;3.2;4.4;4.1;1.5;0.4;2.4;2.3;12.0;-0.8;11,4;;;12;2;0,3;4,55
Rodney Rogers;24.4;4.6;9.8;47.1;1.1;3.1;37.4;3,55;;;;1.5;1.9;78.5;1.7;2.8;4.5;1.4;0.9;0.4;1.4;2.9;11.9;2.1;9,7;;;11,9;1,5;1,1;3,55
Alvin Williams;35.8;4.9;11.8;41.5;0.8;2.4;32.1;4,05;;;;1.3;1.7;73.6;0.7;2.7;3.4;5.7;1.6;0.3;1.8;2.3;11.8;-0.4;10,2;;;11,8;1,3;0,8;4,05
Matt Harpring;31.4;4.8;10.3;46.1;0.3;0.9;30.4;4,45;;;;2.0;2.7;74.3;2.5;4.6;7.1;1.3;0.9;0.1;1.6;2.5;11.8;2.2;11,2;;;11,8;2;0,3;4,45
Stromile Swift;26.5;4.3;9.0;48.0;0.0;0.0;0.0;4,3;;;;3.2;4.5;71.1;2.4;4.0;6.3;0.7;0.8;1.7;1.8;2.6;11.8;-4.5;11,8;;;11,8;3,2;0;4,3
Tim Thomas;26.9;4.3;10.2;42.0;1.3;3.9;32.6;2,95;;;;1.9;2.4;79.3;0.9;3.2;4.1;1.4;0.9;0.4;1.7;2.7;11.7;0.8;9,1;;;11,7;1,9;1,3;2,95
Troy Hudson;22.9;4.4;10.1;43.4;0.8;2.3;35.3;3,55;;;;2.2;2.5;87.6;0.4;1.4;1.8;3.1;0.7;0.1;2.0;1.5;11.7;-0.4;10,1;;;11,7;2,2;0,8;3,55
Ricky Davis;23.9;4.6;9.5;48.1;0.1;0.4;31.4;4,5;;;;2.4;3.0;79.0;0.8;2.2;3.0;2.2;0.8;0.3;1.8;1.8;11.7;-1.9;11,5;;;11,7;2,4;0,1;4,5
Steven Smith;28.7;4.0;8.9;45.5;1.5;3.2;47.2;2,5;;;;2.1;2.4;87.8;0.6;1.9;2.5;2.0;0.7;0.2;1.4;2.1;11.6;3.8;8,6;;;11,6;2,1;1,5;2,5
Dikembe Mutombo;36.3;4.0;8.0;50.1;0.0;0.0;0.0;4;;;;3.5;4.6;76.4;3.2;7.6;10.8;1.0;0.4;2.4;2.0;3.0;11.5;3.6;11,5;;;11,5;3,5;0;4
Voshon Lenard;23.3;4.4;10.8;41.0;1.3;3.4;37.1;3,15;;;;1.3;1.7;78.3;0.5;2.0;2.6;1.8;0.8;0.4;1.3;1.5;11.5;-2.5;8,9;;;11,5;1,3;1,3;3,15
Michael Redd;21.2;4.4;9.1;48.3;1.3;3.0;44.4;3,05;;;;1.4;1.7;79.1;1.1;2.2;3.3;1.4;0.6;0.1;0.9;1.4;11.4;0.7;8,8;;;11,4;1,4;1,3;3,05
Corey Maggette;25.7;3.7;8.4;44.3;0.7;2.2;33.1;3,05;;;;3.2;4.0;80.1;0.9;2.8;3.7;1.8;0.7;0.3;1.8;2.5;11.4;-1.4;10;;;11,4;3,2;0,7;3,05
Antonio McDyess;23.5;4.3;7.5;57.3;0.0;0.0;0.0;4,3;;;;2.7;3.3;81.8;1.8;3.7;5.5;1.8;1.0;0.8;2.0;2.0;11.3;-6.6;11,3;;;11,3;2,7;0;4,3
Keon Clark;27.0;4.7;9.6;49.0;0.0;0.1;0.0;4,7;;;;1.9;2.8;67.4;2.2;5.2;7.4;1.1;0.7;1.5;1.7;3.2;11.3;-0.5;11,3;;;11,3;1,9;0;4,7
Derek Fisher;28.2;3.9;9.5;41.1;2.1;5.0;41.3;1,8;;;;1.3;1.6;84.7;0.2;1.9;2.1;2.6;0.9;0.1;0.9;1.7;11.2;5.3;7;;;11,2;1,3;2,1;1,8
Danny Fortson;28.8;4.0;9.4;42.8;0.0;0.1;25.0;4;;;;3.2;4.0;79.5;3.8;7.9;11.7;1.6;0.6;0.2;2.1;3.3;11.2;-2.6;11,2;;;11,2;3,2;0;4
Ruben Patterson;23.5;4.3;8.3;51.5;0.1;0.5;25.0;4,15;;;;2.6;3.7;70.1;2.1;1.9;4.0;1.4;1.1;0.5;1.5;1.9;11.2;1.0;11;;;11,2;2,6;0,1;4,15
Zydrunas Ilgauskas;21.5;3.9;9.1;42.5;0.0;0.1;0.0;3,85;;;;3.4;4.5;75.4;2.2;3.2;5.4;1.1;0.3;1.4;1.5;3.0;11.1;-1.6;11,1;;;11,1;3,4;0;3,85
Marcus Camby;34.8;4.5;10.0;44.8;0.0;0.0;0.0;4,5;;;;2.1;3.4;62.6;3.1;8.0;11.1;1.1;1.2;1.7;1.4;3.7;11.1;-3.5;11,1;;;11,1;2,1;0;4,5
Vlade Divac;30.2;4.2;9.0;47.2;0.0;0.2;23.1;4,25;;;;2.6;4.3;61.5;2.6;5.8;8.4;3.7;1.0;1.2;2.0;2.9;11.1;5.8;11,1;;;11,1;2,6;0;4,25
Michael Olowokandi;32.1;4.8;11.1;43.3;0.0;0.0;0.0;4,8;;;;1.5;2.4;62.2;2.1;6.8;8.9;1.1;0.7;1.8;2.2;2.7;11.1;-0.9;11,1;;;11,1;1,5;0;4,8
Bobby Jackson;21.6;4.1;9.3;44.3;1.0;2.7;36.1;3,15;;;;1.8;2.3;81.0;1.0;2.1;3.1;2.0;0.9;0.1;1.1;1.8;11.1;3.7;9,1;;;11,1;1,8;1;3,15
Pat Garrity;30.0;4.1;9.6;42.6;2.1;5.0;42.7;2;;;;0.8;0.9;83.6;1.0;3.3;4.2;1.2;0.8;0.4;0.9;2.9;11.1;2.9;6,9;;;11,1;0,8;2,1;2
Gilbert Arenas;24.5;3.7;8.2;45.3;0.8;2.4;34.5;2,95;;;;2.6;3.4;77.5;0.9;1.9;2.8;3.7;1.5;0.2;2.1;2.4;10.9;-2.8;9,3;;;10,9;2,6;0,8;2,95
Derek Anderson;26.5;3.5;8.8;40.3;1.2;3.3;37.3;2,35;;;;2.5;3.0;85.6;0.7;2.0;2.7;3.1;1.0;0.1;1.2;1.6;10.8;2.5;8,4;;;10,8;2,5;1,2;2,35
Lee Nailon;24.2;4.7;9.7;48.3;0.0;0.0;50.0;4,7;;;;1.4;1.9;74.7;1.3;2.4;3.7;1.2;0.7;0.2;1.2;2.2;10.8;-0.1;10,8;;;10,8;1,4;0;4,7
Michael Dickerson;31.4;3.8;12.0;31.3;2.0;5.3;38.1;1,75;;;;1.3;1.5;83.3;0.8;2.3;3.0;2.3;0.8;0.3;2.0;3.0;10.8;-2.0;6,8;;;10,8;1,3;2;1,75
Andrei Kirilenko;26.3;3.5;7.7;45.0;0.3;1.2;25.0;3,15;;;;3.5;4.5;76.8;1.8;3.1;4.9;1.1;1.4;1.9;1.3;1.9;10.7;4.2;10,1;;;10,7;3,5;0,3;3,15
James Posey;30.7;3.8;10.1;37.6;0.9;3.2;28.3;2,9;;;;2.2;2.8;79.3;1.5;4.4;5.9;2.5;1.6;0.5;1.7;3.1;10.7;-3.2;8,9;;;10,7;2,2;0,9;2,9
Jim Jackson;33.2;4.3;9.8;44.2;0.7;1.5;46.9;3,6;;;;1.4;1.6;86.2;1.0;4.3;5.3;2.5;0.8;0.3;1.9;2.6;10.7;-0.2;9,3;;;10,7;1,4;0,7;3,6
Joe Smith;26.7;4.1;8.1;51.1;0.0;0.0;66.7;4,15;;;;2.4;2.9;83.0;2.1;4.2;6.3;1.1;0.5;0.8;1.2;3.5;10.7;4.7;10,7;;;10,7;2,4;0;4,15
Scottie Pippen;32.2;4.0;9.7;41.1;0.9;2.9;30.5;3,05;;;;1.8;2.4;77.4;1.2;3.9;5.2;5.9;1.6;0.6;2.8;2.6;10.6;1.5;8,8;;;10,6;1,8;0,9;3,05
Rod Strickland;30.1;4.2;9.4;44.3;0.1;0.3;30.8;4,05;;;;2.0;2.6;76.6;0.6;2.4;3.1;6.1;1.1;0.1;2.1;1.5;10.4;1.2;10,2;;;10,4;2;0,1;4,05
Chris Whitney;26.5;3.3;8.0;41.8;1.6;3.9;40.6;1,75;;;;1.9;2.1;88.0;0.1;1.7;1.9;3.8;0.9;0.1;1.0;2.2;10.2;-0.5;7;;;10,2;1,9;1,6;1,75
Hedo Turkoglu;24.6;3.6;8.6;42.2;0.8;2.1;36.8;2,8;;;;2.1;2.9;72.6;0.8;3.8;4.5;2.0;0.7;0.4;1.0;2.3;10.1;5.1;8,5;;;10,1;2,1;0,8;2,8
Bob Sura;22.9;3.2;7.6;42.4;0.5;1.7;31.6;2,75;;;;3.0;4.2;72.0;1.1;2.1;3.3;3.5;1.1;0.2;1.7;2.1;10.0;-2.1;9;;;10;3;0,5;2,75
Toni Kukoc;25.3;3.6;8.5;41.9;0.9;2.9;31.0;2,7;;;;1.8;2.6;71.2;0.7;3.0;3.7;3.5;0.8;0.3;1.9;1.5;9.9;-0.3;8,1;;;9,9;1,8;0,9;2,7
Courtney Alexander;23.6;4.0;8.5;47.0;0.1;0.3;27.8;3,85;;;;1.8;2.2;81.0;0.8;1.9;2.6;1.5;0.6;0.1;1.1;2.0;9.8;-3.0;9,6;;;9,8;1,8;0,1;3,85
Todd MacCulloch;24.2;4.0;7.5;53.1;0.0;0.0;0.0;3,95;;;;1.8;2.6;67.1;2.5;3.6;6.1;1.3;0.4;1.4;1.1;2.9;9.7;3.0;9,7;;;9,7;1,8;0;3,95
Nazr Mohammed;26.5;4.0;8.7;46.1;0.0;0.0;0.0;4;;;;1.7;2.7;61.7;3.0;5.0;7.9;0.4;0.8;0.7;1.4;3.1;9.7;-3.7;9,7;;;9,7;1,7;0;4
Bryon Russell;30.3;3.4;8.8;38.0;1.2;3.4;34.1;2,15;;;;1.7;2.1;82.1;1.2;3.3;4.5;2.1;1.0;0.3;1.7;3.1;9.6;2.6;7,2;;;9,6;1,7;1,2;2,15
Kenny Anderson;31.9;4.1;9.4;43.6;0.1;0.4;27.3;4;;;;1.3;1.7;74.2;0.8;2.9;3.6;5.3;1.9;0.1;1.6;2.8;9.6;3.3;9,4;;;9,6;1,3;0,1;4
Anthony Mason;38.3;3.9;7.6;50.5;0.0;0.0;100;3,85;;;;1.9;2.7;69.7;1.5;6.4;7.9;4.2;0.7;0.3;1.6;2.3;9.6;0.2;9,6;;;9,6;1,9;0;3,85
Tim Hardaway;23.5;3.3;9.1;36.5;1.8;5.2;34.7;1,55;;;;1.1;1.4;79.4;0.2;1.6;1.8;4.1;0.8;0.1;1.6;1.6;9.6;-0.3;6;;;9,6;1,1;1,8;1,55
Dale Davis;31.4;3.8;7.4;51.0;0.0;0.0;0.0;3,8;;;;1.9;2.7;70.8;3.4;5.5;8.8;1.2;0.8;1.1;0.8;2.5;9.5;3.0;9,5;;;9,5;1,9;0;3,8
Tony Delk;23.0;3.6;9.3;38.4;1.1;3.4;31.3;2,5;;;;1.2;1.5;80.4;0.9;2.3;3.2;2.1;0.8;0.2;0.9;1.6;9.5;1.8;7,3;;;9,5;1,2;1,1;2,5
Darius Miles;27.1;3.8;7.8;48.0;0.0;0.2;15.8;3,8;;;;1.9;3.1;62.0;1.3;4.2;5.5;2.2;0.9;1.3;2.0;2.2;9.5;0.1;9,5;;;9,5;1,9;0;3,8
Malik Rose;21.1;3.6;7.7;46.3;0.0;0.1;8.3;3,55;;;;2.3;3.1;72.0;2.1;3.9;6.0;0.7;0.9;0.5;1.7;2.5;9.4;2.8;9,4;;;9,4;2,3;0;3,55
Richard Jefferson;24.3;3.4;7.5;45.7;0.2;0.7;23.2;3,2;;;;2.4;3.4;71.3;1.1;2.6;3.7;1.8;0.8;0.6;1.4;2.7;9.4;1.3;9;;;9,4;2,4;0,2;3,2
Jamaal Tinsley;30.5;3.6;9.5;38.0;0.5;2.2;24.0;3,15;;;;1.6;2.3;70.4;1.0;2.8;3.7;8.1;1.7;0.5;3.4;3.1;9.4;0.5;8,4;;;9,4;1,6;0,5;3,15
Rodney Buford;28.1;4.1;9.4;43.5;0.3;1.1;24.3;3,8;;;;0.9;1.3;72.5;0.8;3.5;4.3;1.1;0.7;0.2;1.0;1.7;9.4;-5.3;8,8;;;9,4;0,9;0,3;3,8
Walt Williams;23.3;3.5;8.3;41.9;1.6;3.8;42.6;1,9;;;;0.8;1.1;78.4;0.8;2.6;3.4;1.4;0.4;0.2;1.1;2.2;9.4;-1.4;6,2;;;9,4;0,8;1,6;1,9
Brian Grant;31.3;4.0;8.5;46.9;0.0;0.0;0.0;3,95;;;;1.4;1.7;84.9;2.3;5.7;8.0;1.9;0.7;0.4;1.7;3.3;9.3;-1.0;9,3;;;9,3;1,4;0;3,95
Jamal Crawford;20.9;3.9;8.1;47.6;1.1;2.5;44.8;2,8;;;;0.4;0.6;76.9;0.2;1.3;1.5;2.4;0.8;0.2;1.4;0.8;9.3;-5.7;7,1;;;9,3;0,4;1,1;2,8
Isaiah Rider;17.4;3.7;8.1;45.7;0.6;1.5;40.0;3,1;;;;1.3;1.7;76.5;1.0;2.3;3.3;1.2;0.3;0.2;1.4;1.1;9.3;2.5;8,1;;;9,3;1,3;0,6;3,1
Antonio Daniels;26.5;3.3;7.5;44.0;0.7;2.4;29.1;2,6;;;;1.9;2.6;75.2;0.3;1.9;2.1;2.8;0.6;0.1;0.9;1.3;9.2;3.2;7,8;;;9,2;1,9;0,7;2,6
Tony Parker;29.5;3.5;8.3;41.9;0.8;2.5;32.3;2,7;;;;1.4;2.1;67.5;0.4;2.1;2.6;4.3;1.2;0.1;2.0;2.2;9.2;2.2;7,6;;;9,2;1,4;0,8;2,7
Lucious Harris;21.0;3.4;7.3;46.4;0.6;1.6;37.3;2,75;;;;1.8;2.1;84.2;0.7;2.1;2.8;1.6;0.7;0.1;0.8;1.3;9.1;1.4;7,9;;;9,1;1,8;0,6;2,75
Eddie Robinson;22.5;3.9;8.5;45.3;0.1;0.2;40.0;3,75;;;;1.2;1.7;75.0;0.8;1.9;2.7;1.3;0.8;0.4;1.2;1.2;9.0;-4.6;8,8;;;9;1,2;0,1;3,75
Jon Barry;24.3;3.1;6.4;48.8;1.5;3.1;46.9;1,6;;;;1.3;1.4;93.1;0.5;2.3;2.9;3.3;1.1;0.2;1.4;1.6;9.0;1.9;6;;;9;1,3;1,5;1,6
Anthony Peeler;25.1;3.5;8.3;42.1;1.4;3.5;39.2;2,1;;;;0.6;0.7;86.2;0.5;2.1;2.5;2.2;0.7;0.1;0.9;1.7;9.0;0.2;6,2;;;9;0,6;1,4;2,1
Dion Glover;21.0;3.5;8.3;42.1;0.5;1.7;33.0;3;;;;1.4;1.9;75.7;0.7;2.4;3.1;1.5;0.8;0.3;1.4;1.6;8.9;-4.6;7,9;;;8,9;1,4;0,5;3
Clar. Weatherspoon;30.8;3.4;8.1;41.8;0.0;0.0;0.0;3,35;;;;2.1;2.6;79.5;2.7;5.6;8.2;1.1;0.7;0.9;0.8;2.4;8.8;-3.3;8,8;;;8,8;2,1;0;3,35
Eric Piatkowski;24.2;2.9;6.6;43.9;1.6;3.4;46.6;1,3;;;;1.4;1.6;89.4;0.6;2.0;2.6;1.6;0.6;0.2;0.9;1.5;8.8;-0.5;5,6;;;8,8;1,4;1,6;1,3
Eddie Griffin;26.0;3.3;9.1;36.6;1.2;3.7;33.0;2,15;;;;0.9;1.2;74.4;1.6;4.1;5.7;0.7;0.2;1.8;0.6;1.6;8.8;-2.2;6,4;;;8,8;0,9;1,2;2,15
George McCloud;26.5;3.0;8.3;35.8;0.9;3.2;27.0;2,1;;;;1.9;2.4;81.0;1.0;2.7;3.6;3.0;0.8;0.3;2.1;2.5;8.8;-4.8;7;;;8,8;1,9;0,9;2,1
Trenton Hassell;28.7;3.4;8.1;42.5;0.8;2.1;36.4;2,6;;;;1.1;1.5;76.3;0.8;2.4;3.3;2.2;0.7;0.6;1.3;2.4;8.7;-5.9;7,1;;;8,7;1,1;0,8;2,6
Theo Ratliff;27.4;3.3;6.7;50.0;0.0;0.0;0.0;3,35;;;;2.0;3.7;54.5;1.7;3.7;5.3;0.3;0.3;2.7;2.3;2.7;8.7;-7.7;8,7;;;8,7;2;0;3,35
Glen Rice;30.3;3.3;8.4;38.9;0.9;3.2;28.1;2,35;;;;1.2;1.5;80.0;0.3;2.1;2.4;1.6;0.6;0.2;1.2;1.7;8.6;-1.0;6,8;;;8,6;1,2;0,9;2,35
Jamaal Magloire;18.9;2.8;5.0;55.0;0.0;0.0;0.0;2,75;;;;3.0;4.1;73.0;1.9;3.8;5.6;0.4;0.3;1.0;1.4;2.5;8.5;1.4;8,5;;;8,5;3;0;2,75
Rasho Nesterovic;27.1;4.0;8.0;49.3;0.0;0.0;0.0;3,95;;;;0.5;0.9;54.9;2.4;4.1;6.5;0.9;0.5;1.3;1.1;3.2;8.4;3.2;8,4;;;8,4;0,5;0;3,95
Mark Jackson;28.8;3.2;7.2;43.9;1.0;2.4;40.5;2,15;;;;1.1;1.3;79.1;0.7;3.1;3.8;7.4;0.9;0.0;1.8;2.0;8.4;-3.5;6,4;;;8,4;1,1;1;2,15
P.J. Brown;32.0;3.1;6.6;47.4;0.0;0.0;0.0;3,15;;;;2.1;2.5;85.8;3.4;6.4;9.8;1.3;0.7;1.0;1.1;2.8;8.4;1.8;8,4;;;8,4;2,1;0;3,15
DerMarr Johnson;23.9;3.0;7.5;39.6;1.2;3.4;36.0;1,8;;;;1.2;1.5;81.0;0.8;2.6;3.4;1.1;0.9;0.8;1.4;2.3;8.4;-1.2;6;;;8,4;1,2;1,2;1,8
Jumaine Jones;26.5;3.5;7.9;44.8;0.6;2.1;31.0;2,95;;;;0.6;0.8;66.2;1.5;4.5;6.0;1.4;0.9;0.6;1.0;2.3;8.3;-1.4;7,1;;;8,3;0,6;0,6;2,95
Moochie Norris;27.4;3.1;7.7;39.8;0.4;1.6;26.9;2,7;;;;1.5;2.1;75.1;0.9;2.1;3.0;4.9;1.0;0.0;1.9;1.6;8.1;-2.4;7,3;;;8,1;1,5;0,4;2,7
Ira Newble;30.3;3.1;6.3;49.8;0.0;0.2;14.3;3,1;;;;1.8;2.1;85.2;1.9;3.4;5.3;1.1;0.9;0.5;1.2;2.8;8.0;0.1;8;;;8;1,8;0;3,1
Tyrone Hill;31.1;2.7;7.0;39.0;0.0;0.0;0.0;2,7;;;;2.6;4.0;65.0;3.0;7.5;10.5;0.9;0.7;0.5;1.8;3.9;8.0;-1.6;8;;;8;2,6;0;2,7
Eddie House;19.2;3.3;8.2;39.9;0.8;2.5;34.4;2,45;;;;0.7;0.8;85.7;0.3;1.5;1.7;1.9;0.7;0.1;1.3;1.5;8.0;-0.8;6,4;;;8;0,7;0,8;2,45
Horace Grant;29.1;3.5;6.8;51.3;0.0;0.0;0.0;3,45;;;;1.1;1.5;72.1;2.1;4.2;6.3;1.4;0.8;0.6;0.7;1.6;8.0;3.0;8;;;8;1,1;0;3,45
Greg Anthony;25.2;3.1;7.9;38.5;0.8;2.7;29.4;2,25;;;;1.0;1.5;65.9;0.4;1.8;2.2;4.7;1.3;0.1;1.6;1.9;7.9;-4.5;6,3;;;7,9;1;0,8;2,25
Avery Johnson;19.9;3.0;6.4;47.9;0.0;0.1;0.0;3,05;;;;1.8;2.4;74.2;0.2;0.8;1.0;4.2;0.6;0.1;1.1;1.3;7.9;-2.3;7,9;;;7,9;1,8;0;3,05
Rick Fox;27.9;3.1;7.4;42.1;0.8;2.5;31.3;2,3;;;;0.9;1.0;82.4;1.1;3.6;4.7;3.5;0.8;0.3;1.6;3.0;7.9;3.1;6,3;;;7,9;0,9;0,8;2,3
Travis Best;23.7;3.1;7.0;44.0;0.3;0.8;35.6;2,8;;;;1.4;1.6;89.7;0.3;1.8;2.0;4.4;1.2;0.1;1.3;2.3;7.9;-1.8;7,3;;;7,9;1,4;0,3;2,8
Tyronn Lue;20.6;3.1;7.3;42.7;0.9;2.0;44.7;2,2;;;;0.7;0.9;76.2;0.2;1.5;1.7;3.5;0.7;0.0;1.4;1.7;7.8;-0.3;6;;;7,8;0,7;0,9;2,2
Othella Harrington;20.3;3.1;5.8;52.7;0.0;0.0;0.0;3,05;;;;1.6;2.2;70.9;1.6;2.9;4.5;0.5;0.4;0.5;1.2;3.2;7.7;0.9;7,7;;;7,7;1,6;0;3,05
Chris Mihm;22.4;3.0;7.1;42.0;0.0;0.1;42.9;3;;;;1.7;2.4;69.3;1.8;3.5;5.3;0.3;0.2;1.2;1.3;3.5;7.7;-3.4;7,7;;;7,7;1,7;0;3
Erick Strickland;20.8;2.4;6.2;38.9;1.2;3.1;38.5;1,2;;;;1.7;2.0;84.5;0.3;2.4;2.7;2.3;0.7;0.0;1.2;1.8;7.7;-1.3;5,3;;;7,7;1,7;1,2;1,2
Jerome Williams;24.1;2.8;5.7;49.0;0.0;0.0;0.0;2,8;;;;2.0;3.0;67.6;2.4;3.3;5.7;1.1;1.1;0.4;1.0;2.3;7.6;1.2;7,6;;;7,6;2;0;2,8
Ben Wallace;36.5;3.2;6.0;53.1;0.0;0.0;0.0;3,2;;;;1.2;2.9;42.3;4.0;9.0;13.0;1.4;1.7;3.5;0.9;2.2;7.6;1.9;7,6;;;7,6;1,2;0;3,2
Erick Dampier;23.8;2.9;6.6;43.5;0.0;0.0;0.0;2,85;;;;1.9;2.9;64.5;2.3;3.0;5.3;1.2;0.2;2.3;2.1;3.2;7.6;-3.1;7,6;;;7,6;1,9;0;2,85
Chris Crawford;18.7;3.0;6.4;46.7;0.0;0.1;0.0;3;;;;1.6;2.1;73.3;1.3;2.3;3.6;0.7;0.3;0.7;1.4;3.0;7.6;-4.9;7,6;;;7,6;1,6;0;3
Joe Johnson;24.9;3.3;7.6;43.0;0.5;1.7;29.2;2,75;;;;0.5;0.7;77.4;1.0;2.4;3.3;2.3;0.8;0.3;0.9;1.5;7.5;-0.6;6,5;;;7,5;0,5;0,5;2,75
Gary Trent;17.8;3.0;6.0;50.7;0.0;0.0;0.0;3,05;;;;1.4;2.3;63.9;1.6;2.6;4.2;0.9;0.3;0.4;0.9;2.5;7.5;-1.0;7,5;;;7,5;1,4;0;3,05
Jonathan Bender;21.1;2.5;5.9;43.0;0.6;1.6;36.0;1,9;;;;1.8;2.3;77.3;0.8;2.3;3.1;0.8;0.2;0.6;1.2;1.9;7.4;-0.5;6,2;;;7,4;1,8;0,6;1,9
Chris Mills;18.7;2.7;6.5;41.7;0.7;1.9;37.8;2;;;;1.3;1.6;79.4;0.8;2.1;2.9;1.1;0.5;0.2;0.8;1.8;7.4;-1.8;6;;;7,4;1,3;0,7;2
Charles Smith;19.1;3.0;7.1;42.5;0.6;2.2;26.7;2,45;;;;0.7;1.1;64.6;0.6;1.7;2.2;1.3;0.9;0.7;1.0;1.9;7.4;-0.4;6,2;;;7,4;0,7;0,6;2,45
Jake Tsakalidis;23.6;2.8;6.0;47.5;0.0;0.0;0.0;2,8;;;;1.7;2.4;69.8;1.9;3.6;5.6;0.3;0.3;1.0;1.2;2.9;7.3;0.4;7,3;;;7,3;1,7;0;2,8
Calbert Cheaney;24.1;3.3;6.9;48.1;0.0;0.1;0.0;3,3;;;;0.7;1.0;68.7;0.8;2.7;3.5;1.6;0.5;0.3;1.0;2.3;7.3;-4.8;7,3;;;7,3;0,7;0;3,3
Aaron Williams;18.9;2.8;5.4;52.6;0.0;0.0;0.0;2,8;;;;1.6;2.3;69.9;1.4;2.7;4.1;0.9;0.4;0.9;1.0;2.6;7.2;1.5;7,2;;;7,2;1,6;0;2,8
Speedy Claxton;22.8;2.7;6.7;40.0;0.1;0.5;12.1;2,6;;;;1.7;2.0;83.8;0.7;1.7;2.4;3.0;1.4;0.1;1.4;2.2;7.2;-0.4;7;;;7,2;1,7;0,1;2,6
Hubert Davis;24.2;2.9;6.4;44.8;1.1;2.5;45.2;1,8;;;;0.3;0.4;76.2;0.1;1.4;1.5;2.1;0.5;0.1;0.9;1.1;7.2;-0.7;5;;;7,2;0,3;1,1;1,8
Adrian Griffin;23.9;3.1;6.2;49.9;0.3;0.9;29.6;2,8;;;;0.7;0.8;83.7;1.2;2.8;3.9;1.8;1.3;0.2;0.7;2.4;7.2;2.6;6,6;;;7,2;0,7;0,3;2,8
Hakeem Olajuwon;22.5;3.2;6.9;46.4;0.0;0.0;0.0;3,15;;;;0.8;1.4;56.0;1.6;4.4;6.0;1.1;1.2;1.5;1.6;2.4;7.1;0.4;7,1;;;7,1;0,8;0;3,15
Monty Williams;18.9;2.9;5.3;54.7;0.0;0.1;0.0;2,9;;;;1.3;2.0;65.7;1.2;2.3;3.5;1.4;0.7;0.3;1.3;2.0;7.1;-1.8;7,1;;;7,1;1,3;0;2,9
LaPhonso Ellis;25.5;2.9;6.8;41.8;0.6;1.9;30.6;2,25;;;;0.8;1.3;63.1;1.6;2.7;4.3;0.8;0.5;0.6;1.1;3.0;7.1;-2.8;5,9;;;7,1;0,8;0,6;2,25
Christian Laettner;25.3;2.9;6.4;46.4;0.0;0.2;20.0;2,95;;;;1.2;1.3;86.8;1.3;4.0;5.3;2.6;1.1;0.4;1.5;2.3;7.1;-2.0;7,1;;;7,1;1,2;0;2,95
Devean George;21.5;2.6;6.4;41.1;0.8;2.2;37.1;1,85;;;;1.0;1.5;67.5;1.0;2.7;3.7;1.4;0.9;0.5;0.8;2.3;7.1;5.0;5,5;;;7,1;1;0,8;1,85
Popeye Jones;24.3;2.8;6.4;43.7;0.1;0.1;36.4;2,7;;;;1.3;1.6;81.5;2.9;4.4;7.3;1.6;0.6;0.2;1.1;2.6;7.0;0.7;6,8;;;7;1,3;0,1;2,7
Brevin Knight;21.7;2.7;6.3;42.2;0.0;0.2;25.0;2,7;;;;1.6;2.2;75.7;0.2;1.8;2.1;5.7;1.5;0.1;2.1;2.5;7.0;-2.4;7;;;7;1,6;0;2,7
Bruce Bowen;28.8;2.6;6.7;38.9;0.9;2.5;37.8;1,75;;;;0.8;1.6;47.9;0.7;2.0;2.7;1.5;1.1;0.4;1.1;2.0;7.0;4.7;5,2;;;7;0,8;0,9;1,75
Zeljko Rebraca;15.9;2.6;5.1;50.5;0.0;0.0;0.0;2,55;;;;1.8;2.4;77.1;1.1;2.8;3.9;0.5;0.4;1.0;1.1;2.6;6.9;0.8;6,9;;;6,9;1,8;0;2,55
John Crotty;19.5;2.4;5.1;47.1;0.8;1.7;44.9;1,55;;;;1.4;1.6;86.4;0.4;1.4;1.8;3.4;0.5;0.0;1.2;1.9;6.9;1.2;5,3;;;6,9;1,4;0,8;1,55
Tony Battie;24.6;2.9;5.3;54.1;0.0;0.0;0.0;2,85;;;;1.2;1.8;67.7;2.5;4.0;6.5;0.5;0.8;0.9;0.7;3.0;6.9;1.6;6,9;;;6,9;1,2;0;2,85
Predrag Drobnjak;18.3;3.0;6.5;46.1;0.0;0.0;0.0;2,95;;;;0.9;1.1;75.3;1.2;2.3;3.4;0.8;0.3;0.5;0.8;1.7;6.8;1.5;6,8;;;6,8;0,9;0;2,95
Robert Horry;26.5;2.3;5.7;39.8;0.9;2.5;37.4;1,4;;;;1.3;1.7;78.3;1.6;4.3;5.9;2.9;1.0;1.1;1.1;2.6;6.8;4.5;5;;;6,8;1,3;0,9;1,4
Austin Croshere;16.9;2.4;5.9;41.3;0.6;1.9;33.8;1,85;;;;1.3;1.5;85.1;1.0;2.9;3.9;1.0;0.3;0.4;0.9;1.4;6.8;0.8;5,6;;;6,8;1,3;0,6;1,85
Eddy Curry;16.0;2.6;5.2;50.1;0.0;0.0;0.0;2,6;;;;1.5;2.2;65.6;1.5;2.2;3.8;0.3;0.2;0.7;1.0;2.4;6.7;-3.6;6,7;;;6,7;1,5;0;2,6
Vladimir Radmanovic;20.2;2.4;5.8;41.2;1.1;2.6;42.0;1,3;;;;0.8;1.2;68.1;0.7;3.0;3.8;1.3;0.9;0.4;1.2;2.0;6.7;1.1;4,5;;;6,7;0,8;1,1;1,3
Samaki Walker;24.0;2.7;5.3;51.2;0.0;0.0;0.0;2,75;;;;1.2;1.9;66.7;1.9;5.1;7.0;0.9;0.4;1.3;0.8;2.5;6.7;0.6;6,7;;;6,7;1,2;0;2,75
Scott Padgett;17.2;2.5;5.3;47.6;0.7;1.5;43.4;1,8;;;;1.0;1.4;73.5;1.5;2.3;3.8;1.1;0.6;0.2;0.9;1.9;6.7;0.9;5,3;;;6,7;1;0,7;1,8
Dana Barros;20.2;2.6;6.6;38.5;0.8;2.4;33.8;1,8;;;;0.7;0.9;77.8;0.0;1.9;2.0;2.7;0.5;0.1;1.1;1.3;6.7;0.2;5,1;;;6,7;0,7;0,8;1,8
Emanual Davis;27.7;2.5;7.1;35.4;1.0;3.0;34.1;1,5;;;;0.6;0.6;88.9;0.7;2.0;2.6;2.4;1.0;0.2;1.9;2.4;6.6;-5.0;4,6;;;6,6;0,6;1;1,5
Jacque Vaughn;22.6;2.5;5.3;47.0;0.3;0.7;44.4;2,2;;;;1.3;1.5;82.5;0.2;1.8;2.0;4.3;0.8;0.0;1.4;2.2;6.6;-3.2;6;;;6,6;1,3;0,3;2,2
Kelvin Cato;25.6;2.5;4.3;58.3;0.0;0.0;0.0;2,55;;;;1.5;2.6;58.2;2.3;4.7;7.0;0.4;0.5;1.3;0.7;2.8;6.6;-2.0;6,6;;;6,6;1,5;0;2,55
Tom Gugliotta;25.8;2.9;6.8;42.2;0.1;0.2;33.3;2,8;;;;0.6;0.8;75.7;1.3;3.7;5.0;1.8;0.9;0.7;1.4;2.6;6.5;-1.0;6,3;;;6,5;0,6;0,1;2,8
Eduardo Najera;21.8;2.4;4.8;50.0;0.0;0.0;0.0;2,45;;;;1.6;2.4;67.6;2.4;3.1;5.5;0.6;0.9;0.5;0.6;2.5;6.5;5.2;6,5;;;6,5;1,6;0;2,45
Ansu Sesay;15.7;2.4;4.9;50.0;0.0;0.0;0.0;2,4;;;;1.6;2.2;70.0;0.8;1.4;2.2;0.9;0.3;0.2;0.2;2.0;6.4;-2.9;6,4;;;6,4;1,6;0;2,4
Dell Curry;15.8;2.5;6.2;40.6;0.8;2.3;34.4;1,7;;;;0.6;0.7;89.2;0.4;1.0;1.4;1.1;0.4;0.1;0.7;0.9;6.4;0.3;4,8;;;6,4;0,6;0,8;1,7
Jarron Collins;20.6;2.3;4.9;46.1;0.0;0.0;0.0;2,25;;;;1.9;2.6;74.0;2.0;2.3;4.2;0.8;0.4;0.3;0.8;3.3;6.4;0.6;6,4;;;6,4;1,9;0;2,25
Chris Gatling;15.0;2.4;5.4;44.7;0.0;0.1;12.5;2,45;;;;1.5;2.2;70.1;1.3;2.5;3.8;0.5;0.3;0.2;1.1;2.0;6.4;-1.0;6,4;;;6,4;1,5;0;2,45
Eric Williams;23.6;1.9;5.2;37.4;0.3;1.2;27.9;1,65;;;;2.2;3.0;73.1;0.8;2.2;3.0;1.5;1.0;0.1;1.3;2.4;6.4;2.2;5,8;;;6,4;2,2;0,3;1,65
Scot Pollard;23.5;2.5;4.5;55.0;0.0;0.0;0.0;2,5;;;;1.4;2.1;69.3;2.4;4.7;7.1;0.7;0.9;1.0;0.9;2.5;6.4;3.8;6,4;;;6,4;1,4;0;2,5
Tyrone Nesby;21.4;2.6;6.0;43.5;0.2;0.7;27.7;2,4;;;;0.9;1.3;68.8;1.5;3.0;4.5;1.3;0.9;0.3;0.7;2.3;6.3;-0.3;5,9;;;6,3;0,9;0,2;2,4
Grant Long;28.3;2.5;5.8;42.6;0.0;0.3;17.6;2,5;;;;1.3;1.9;69.9;0.5;3.0;3.5;2.1;1.0;0.2;1.6;1.9;6.3;-5.8;6,3;;;6,3;1,3;0;2,5
Calvin Booth;18.5;2.3;5.5;42.7;0.0;0.0;0.0;2,35;;;;1.5;1.6;95.8;1.3;2.3;3.6;1.1;0.4;0.9;1.1;3.1;6.2;-2.8;6,2;;;6,2;1,5;0;2,35
Tyson Chandler;19.6;2.1;4.3;49.7;0.0;0.0;0.0;2,1;;;;1.9;3.1;60.4;1.6;3.2;4.8;0.8;0.4;1.3;1.4;2.5;6.1;-3.0;6,1;;;6,1;1,9;0;2,1
Kevin Willis;16.7;2.4;5.5;44.0;0.0;0.0;0.0;2,4;;;;1.3;1.7;74.7;2.0;3.7;5.8;0.3;0.5;0.4;0.8;1.9;6.1;-2.3;6,1;;;6,1;1,3;0;2,4
Shawn Kemp;16.5;2.3;5.4;43.0;0.0;0.1;0.0;2,35;;;;1.4;1.7;79.4;1.2;2.6;3.8;0.7;0.6;0.4;1.1;2.5;6.1;-0.2;6,1;;;6,1;1,4;0;2,35
Patrick Ewing;13.8;2.3;5.1;44.4;0.0;0.0;0.0;2,3;;;;1.4;2.1;70.1;0.9;3.1;4.0;0.5;0.3;0.7;1.0;2.0;6.0;-0.3;6;;;6;1,4;0;2,3
Zendon Hamilton;15.7;1.9;4.5;42.0;0.0;0.0;0.0;1,9;;;;2.2;3.4;65.2;2.0;2.6;4.7;0.3;0.4;0.3;1.1;1.9;6.0;-4.1;6;;;6;2,2;0;1,9
Oscar Torres;16.6;2.1;5.2;39.6;0.6;1.9;29.4;1,45;;;;1.3;1.6;78.1;0.7;1.2;1.9;0.6;0.4;0.1;0.8;1.0;6.0;-2.5;4,8;;;6;1,3;0,6;1,45
Troy Murphy;17.7;2.2;5.2;42.1;0.0;0.1;33.3;2,2;;;;1.5;1.9;77.6;1.2;2.7;3.9;0.9;0.4;0.3;1.0;2.6;5.9;-2.4;5,9;;;5,9;1,5;0;2,2
Rusty LaRue;16.4;2.2;5.6;39.5;0.5;1.5;34.0;1,7;;;;0.9;1.1;85.7;0.3;1.2;1.5;2.2;0.5;0.2;1.3;1.8;5.8;-2.1;4,8;;;5,8;0,9;0,5;1,7
Lindsey Hunter;19.7;2.3;6.0;38.2;1.0;2.5;38.0;1,3;;;;0.2;0.5;50.0;0.2;1.3;1.5;1.6;0.8;0.2;0.7;1.5;5.8;1.7;3,8;;;5,8;0,2;1;1,3
Greg Buckner;20.1;2.4;4.5;52.5;0.1;0.4;31.3;2,3;;;;0.9;1.3;69.0;1.5;2.4;3.9;1.1;0.7;0.4;0.6;2.8;5.8;0.2;5,6;;;5,8;0,9;0,1;2,3
Donnell Harvey;18.0;2.3;4.6;49.8;0.0;0.0;0.0;2,3;;;;1.1;1.9;60.0;1.7;3.1;4.8;0.8;0.4;0.5;0.7;2.4;5.7;-0.2;5,7;;;5,7;1,1;0;2,3
Kendall Gill;21.8;2.5;6.5;38.4;0.1;0.7;13.6;2,4;;;;0.6;1.0;67.7;0.4;2.4;2.8;1.5;0.7;0.1;0.8;2.2;5.7;-1.5;5,5;;;5,7;0,6;0,1;2,4
Kevin Ollie;21.3;1.7;4.4;38.8;0.0;0.0;50.0;1,7;;;;2.3;2.8;82.4;0.3;2.0;2.3;3.6;0.8;0.0;1.3;1.2;5.7;-2.1;5,7;;;5,7;2,3;0;1,7
Jeff Foster;21.8;2.2;4.8;44.9;0.0;0.2;13.3;2,15;;;;1.4;2.2;61.0;2.5;4.3;6.8;0.9;0.9;0.5;1.0;2.8;5.7;-0.5;5,7;;;5,7;1,4;0;2,15
Tracy Murray;11.8;2.1;5.2;41.1;1.0;2.6;38.5;1,15;;;;0.4;0.5;81.0;0.5;0.9;1.3;0.5;0.3;0.2;0.6;1.0;5.7;-1.3;3,7;;;5,7;0,4;1;1,15
Tariq Abdul-Wahad;18.4;2.3;6.1;37.4;0.0;0.1;50.0;2,3;;;;1.0;1.4;72.7;1.7;1.8;3.5;1.0;0.8;0.4;1.1;2.3;5.6;-2.2;5,6;;;5,6;1;0;2,3
Wang Zhi-zhi;10.8;2.0;4.5;44.0;0.9;2.1;41.4;1,05;;;;0.8;1.0;73.7;0.3;1.7;2.0;0.4;0.2;0.3;0.5;1.5;5.6;1.3;3,8;;;5,6;0,8;0,9;1,05
Terry Porter;17.9;1.9;4.5;42.4;0.8;2.0;41.5;1,1;;;;0.9;1.2;81.9;0.2;2.1;2.3;2.8;0.6;0.2;1.2;1.2;5.5;5.1;3,9;;;5,5;0,9;0,8;1,1
Tony Massenburg;17.1;2.2;4.8;45.6;0.0;0.0;100;2,15;;;;1.2;1.6;71.8;1.4;3.1;4.4;0.4;0.4;0.4;0.9;2.4;5.5;-4.3;5,5;;;5,5;1,2;0;2,15
Alan Henderson;16.3;2.3;4.5;50.9;0.0;0.0;100;2,3;;;;0.9;1.7;53.3;1.2;2.5;3.7;0.4;0.4;0.6;0.8;1.5;5.5;1.2;5,5;;;5,5;0,9;0;2,3
Elliot Perry;23.8;2.5;5.0;50.0;0.0;0.0;0.0;2,5;;;;0.5;1.0;50.0;0.0;2.0;2.0;3.5;1.5;0.0;3.5;3.0;5.5;-18.0;5,5;;;5,5;0,5;0;2,5
A.J. Guyton;13.4;2.0;5.4;36.1;1.0;2.7;37.4;0,95;;;;0.5;0.6;81.5;0.3;0.7;1.0;1.8;0.2;0.2;0.8;0.5;5.4;-1.0;3,4;;;5,4;0,5;1;0,95
Jahidi White;19.0;2.1;3.9;53.8;0.0;0.0;0.0;2,1;;;;1.2;2.2;53.9;2.2;4.0;6.3;0.2;0.4;1.1;0.9;2.3;5.4;-1.3;5,4;;;5,4;1,2;0;2,1
Jerome James;17.0;2.4;4.9;49.1;0.0;0.0;0.0;2,4;;;;0.5;1.1;50.0;1.6;2.6;4.1;0.4;0.4;1.5;1.3;3.1;5.3;3.2;5,3;;;5,3;0,5;0;2,4
Kenny Satterfield;15.6;2.0;5.5;36.7;0.2;0.8;25.9;1,85;;;;1.0;1.3;78.3;0.5;1.0;1.4;3.0;0.9;0.0;1.5;1.2;5.3;-1.7;4,9;;;5,3;1;0,2;1,85
Will Solomon;14.2;1.8;5.3;34.1;0.7;2.6;28.4;1,15;;;;0.8;1.2;67.1;0.2;0.9;1.1;1.5;0.6;0.1;1.0;1.2;5.2;-1.7;3,8;;;5,2;0,8;0,7;1,15
Charlie Ward;16.8;1.8;4.8;37.3;0.8;2.6;32.3;1,05;;;;0.7;0.9;81.0;0.2;1.8;2.0;3.2;1.1;0.2;1.2;1.6;5.2;-0.4;3,6;;;5,2;0,7;0,8;1,05
Mengke Bateer;15.1;2.0;4.9;40.2;0.1;0.4;33.3;1,85;;;;1.1;1.4;78.4;1.2;2.4;3.6;0.8;0.4;0.2;1.2;3.5;5.1;-2.0;4,9;;;5,1;1,1;0,1;1,85
Brendan Haywood;20.4;1.8;3.6;49.3;0.0;0.0;0.0;1,75;;;;1.6;2.6;60.6;2.3;2.9;5.2;0.5;0.3;1.5;0.8;2.5;5.1;-0.9;5,1;;;5,1;1,6;0;1,75
Damon Jones;16.2;1.7;4.2;40.1;1.0;2.8;37.1;0,75;;;;0.6;0.9;72.9;0.2;1.3;1.5;2.1;0.3;0.0;0.9;1.2;5.1;1.4;3,1;;;5,1;0,6;1;0,75
Eddie Gill;16.6;1.7;4.0;42.4;0.3;1.0;31.8;1,4;;;;1.3;1.7;79.5;0.3;0.9;1.2;2.1;0.5;0.1;1.5;1.7;5.0;-5.6;4,4;;;5;1,3;0,3;1,4
John Wallace;10.5;2.0;4.7;43.5;0.1;0.3;38.5;1,9;;;;0.9;1.0;87.0;0.6;1.3;1.8;0.6;0.2;0.2;0.6;1.3;5.0;-1.4;4,8;;;5;0,9;0,1;1,9
Jake Voskuhl;15.3;1.8;3.3;55.4;0.0;0.0;0.0;1,8;;;;1.4;1.8;75.2;1.7;2.5;4.2;0.3;0.2;0.4;0.8;2.4;5.0;-1.4;5;;;5;1,4;0;1,8
Shandon Anderson;19.5;1.8;4.5;39.9;0.5;1.7;27.7;1,3;;;;0.9;1.3;69.2;0.7;2.3;3.0;0.9;0.6;0.2;1.2;1.6;5.0;-1.7;4;;;5;0,9;0,5;1,3
Ratko Varda;5.7;2.0;3.0;66.7;0.0;0.0;0.0;2;;;;1.0;1.0;100;0.0;1.0;1.0;0.0;0.0;0.0;1.0;3.0;5.0;-1.0;5;;;5;1;0;2
Scott Williams;17.9;2.1;5.3;39.6;0.0;0.0;0.0;2,1;;;;0.7;1.0;73.2;2.0;3.1;5.1;0.3;0.4;0.8;0.9;2.4;4.9;-4.1;4,9;;;4,9;0,7;0;2,1
Ryan Bowen;22.5;2.0;4.1;47.9;0.0;0.2;8.3;2;;;;0.9;1.2;75.0;1.8;2.2;4.0;0.7;1.0;0.5;0.5;2.3;4.9;0.7;4,9;;;4,9;0,9;0;2
DeShawn Stevenson;16.9;2.1;5.5;38.5;0.0;0.4;8.0;2,15;;;;0.6;0.8;69.8;0.7;1.3;2.0;1.7;0.4;0.4;1.0;1.2;4.9;-1.8;4,9;;;4,9;0,6;0;2,15
Hanno Mottola;16.7;2.1;4.7;44.0;0.0;0.2;7.7;2,05;;;;0.7;0.9;75.0;1.0;2.3;3.3;0.6;0.2;0.2;0.9;2.1;4.8;-1.9;4,8;;;4,8;0,7;0;2,05
Adonal Foyle;18.8;2.2;4.9;44.4;0.0;0.0;0.0;2,15;;;;0.5;1.2;39.8;1.9;3.0;4.9;0.5;0.5;2.1;1.0;2.3;4.8;-2.6;4,8;;;4,8;0,5;0;2,15
Marc Jackson;12.8;1.5;4.2;36.6;0.0;0.0;0.0;1,55;;;;1.7;2.1;82.5;1.2;2.1;3.3;0.4;0.3;0.2;0.8;1.8;4.8;-0.7;4,8;;;4,8;1,7;0;1,55
Trajan Langdon;10.8;1.6;4.0;39.8;0.6;1.7;36.5;1;;;;1.0;1.0;91.3;0.3;1.0;1.3;1.4;0.3;0.1;0.9;1.1;4.8;0.1;3,6;;;4,8;1;0,6;1
Lawrence Funderburke;12.9;2.1;4.4;46.9;0.0;0.1;0.0;2,05;;;;0.6;1.0;60.7;1.4;2.2;3.5;0.6;0.2;0.3;0.6;1.2;4.7;1.1;4,7;;;4,7;0,6;0;2,05
Stacey Augmon;17.1;1.8;4.3;42.9;0.0;0.0;0.0;1,85;;;;1.0;1.3;76.2;0.8;2.2;2.9;1.3;0.7;0.2;0.7;1.5;4.7;1.4;4,7;;;4,7;1;0;1,85
Slava Medvedenko;10.2;2.0;4.3;47.7;0.0;0.1;0.0;2,05;;;;0.6;0.9;66.1;1.2;1.0;2.2;0.6;0.4;0.2;0.6;1.7;4.7;1.1;4,7;;;4,7;0,6;0;2,05
Michael Doleac;16.9;1.9;4.5;41.7;0.0;0.0;0.0;1,85;;;;0.9;1.1;82.6;1.1;2.9;4.0;0.6;0.4;0.3;0.9;2.3;4.6;-3.0;4,6;;;4,6;0,9;0;1,85
Dan Majerle;18.2;1.5;4.4;34.3;1.2;3.6;33.6;0,3;;;;0.4;0.6;59.0;0.4;2.3;2.7;1.4;0.7;0.2;0.5;1.6;4.6;1.0;2,2;;;4,6;0,4;1,2;0,3
Vitaly Potapenko;17.0;1.7;3.8;45.5;0.0;0.0;0.0;1,75;;;;1.1;1.5;74.2;2.1;2.3;4.4;0.4;0.5;0.2;0.8;2.2;4.6;-0.6;4,6;;;4,6;1,1;0;1,75
Danny Ferry;16.0;1.5;3.5;42.9;0.9;2.0;43.4;0,6;;;;0.7;0.7;94.4;0.3;1.5;1.8;1.0;0.3;0.2;0.4;1.4;4.6;2.7;2,8;;;4,6;0,7;0,9;0,6
Sean Marks;15.2;1.8;4.2;43.2;0.0;0.0;0.0;1,8;;;;1.0;1.6;58.8;0.9;2.7;3.6;0.4;0.2;0.5;0.9;1.9;4.6;-2.1;4,6;;;4,6;1;0;1,8
Jason Collins;18.2;1.5;3.6;42.1;0.0;0.0;50.0;1,5;;;;1.5;2.1;70.1;1.7;2.2;3.9;1.1;0.4;0.6;0.9;2.2;4.5;1.3;4,5;;;4,5;1,5;0;1,5
Bo Outlaw;23.2;2.0;3.6;55.5;0.0;0.0;50.0;2;;;;0.5;1.2;42.2;1.8;2.6;4.4;1.5;0.8;1.1;1.2;2.5;4.5;0.7;4,5;;;4,5;0,5;0;2
Kwame Brown;14.3;1.6;4.3;38.7;0.0;0.0;0.0;1,65;;;;1.2;1.7;70.7;1.1;2.4;3.5;0.8;0.3;0.5;0.8;1.8;4.5;-1.5;4,5;;;4,5;1,2;0;1,65
Art Long;15.7;1.9;3.9;49.2;0.0;0.0;0.0;1,9;;;;0.7;1.3;52.9;1.7;2.3;4.0;0.7;0.3;0.4;1.0;2.9;4.5;-0.4;4,5;;;4,5;0,7;0;1,9
Mark Strickland;14.3;2.0;4.4;44.6;0.0;0.1;25.0;2;;;;0.5;1.0;56.8;0.9;2.0;2.8;0.4;0.4;0.3;0.6;1.0;4.5;-1.9;4,5;;;4,5;0,5;0;2
Shammond Williams;12.1;1.6;3.9;42.0;0.6;1.5;37.3;1;;;;0.6;0.8;79.5;0.3;0.9;1.3;1.7;0.4;0.0;0.7;0.7;4.4;0.0;3,2;;;4,4;0,6;0,6;1
John Starks;14.1;1.7;4.7;36.8;0.4;1.4;30.5;1,35;;;;0.5;0.6;80.5;0.2;0.8;1.0;1.1;0.5;0.0;0.8;1.9;4.4;-0.5;3,6;;;4,4;0,5;0,4;1,35
Howard Eisley;15.6;1.5;4.5;33.7;0.4;1.5;24.1;1,1;;;;1.0;1.3;79.6;0.2;1.0;1.3;2.6;0.6;0.1;1.4;1.4;4.4;-0.1;3,6;;;4,4;1;0,4;1,1
Fred Hoiberg;17.8;1.5;3.7;41.6;0.3;1.2;26.1;1,25;;;;1.0;1.2;84.0;0.2;2.4;2.7;1.7;0.8;0.1;0.4;1.1;4.4;-2.0;3,8;;;4,4;1;0,3;1,25
Jaren Jackson;16.0;1.7;4.1;40.5;0.8;2.2;35.0;0,85;;;;0.2;0.4;50.0;0.1;1.8;1.9;0.9;0.6;0.0;0.9;1.4;4.3;-5.6;2,7;;;4,3;0,2;0,8;0,85
Malik Allen;13.4;1.8;4.3;43.1;0.0;0.1;0.0;1,8;;;;0.7;0.8;80.0;1.3;1.9;3.2;0.4;0.3;0.7;0.2;1.3;4.3;-0.7;4,3;;;4,3;0,7;0;1,8
Darvin Ham;17.2;1.7;3.0;56.9;0.0;0.1;14.3;1,7;;;;0.9;1.8;50.4;1.3;1.6;2.9;1.0;0.4;0.5;1.2;2.5;4.3;-0.3;4,3;;;4,3;0,9;0;1,7
Etan Thomas;13.2;1.7;3.2;53.6;0.0;0.0;0.0;1,7;;;;0.9;1.6;55.4;1.2;2.7;3.9;0.1;0.4;0.7;0.6;1.6;4.3;0.4;4,3;;;4,3;0,9;0;1,7
Anthony Carter;22.8;1.9;5.7;34.2;0.0;0.4;5.3;1,95;;;;0.4;0.8;52.8;0.4;2.1;2.5;4.7;1.1;0.1;1.6;1.8;4.3;-4.1;4,3;;;4,3;0,4;0;1,95
Jason Caffey;12.4;1.6;3.1;50.0;0.0;0.0;0.0;1,55;;;;1.2;1.9;62.8;1.0;1.1;2.2;0.5;0.2;0.2;0.8;1.7;4.3;-0.5;4,3;;;4,3;1,2;0;1,55
Vladimir Stepania;13.2;1.7;3.7;47.0;0.0;0.0;50.0;1,8;;;;0.7;1.6;48.1;1.5;2.5;4.0;0.2;0.4;0.7;0.8;1.5;4.3;-1.3;4,3;;;4,3;0,7;0;1,8
Jason Collier;14.5;1.6;3.8;43.2;0.0;0.0;0.0;1,6;;;;1.0;1.3;75.0;1.2;2.0;3.3;0.4;0.2;0.2;0.5;1.6;4.2;-4.0;4,2;;;4,2;1;0;1,6
Johnny Newman;15.4;1.4;3.1;45.3;0.5;1.2;38.6;0,9;;;;0.9;1.2;72.4;0.2;0.9;1.0;0.3;0.6;0.1;0.4;1.9;4.2;-0.1;3,2;;;4,2;0,9;0,5;0,9
Bryant Stith;13.3;1.4;3.8;37.2;0.5;1.4;35.3;0,9;;;;0.9;1.0;84.6;0.4;1.3;1.7;0.8;0.6;0.1;0.6;0.8;4.2;-2.3;3,2;;;4,2;0,9;0,5;0,9
Keyon Dooling;11.2;1.6;4.1;38.6;0.3;1.0;28.6;1,25;;;;0.7;0.9;83.3;0.0;0.2;0.2;0.9;0.3;0.2;0.7;1.4;4.1;2.4;3,5;;;4,1;0,7;0,3;1,25
Steve Kerr;11.9;1.6;3.3;47.0;0.4;1.0;39.4;1,15;;;;0.6;0.6;97.5;0.1;0.8;0.9;1.0;0.2;0.0;0.4;0.8;4.1;1.0;3,3;;;4,1;0,6;0,4;1,15
Chris Childs;22.9;1.4;4.3;32.8;0.5;1.7;27.5;0,9;;;;0.8;1.0;81.7;0.3;2.0;2.2;5.1;0.8;0.1;1.8;2.6;4.1;-0.5;3,1;;;4,1;0,8;0,5;0,9
Earl Boykins;11.2;1.6;4.0;40.0;0.2;0.6;31.0;1,4;;;;0.7;0.9;77.0;0.4;0.4;0.8;2.1;0.3;0.0;0.6;0.6;4.1;0.2;3,7;;;4,1;0,7;0,2;1,4
Mitch Richmond;11.1;1.6;3.9;40.5;0.3;1.0;29.0;1,25;;;;0.7;0.7;95.5;0.2;1.3;1.5;0.9;0.3;0.1;0.6;1.0;4.1;2.0;3,5;;;4,1;0,7;0,3;1,25
Shawn Bradley;14.3;1.5;3.1;47.9;0.0;0.0;0.0;1,5;;;;1.1;1.2;92.2;1.0;2.3;3.3;0.4;0.5;1.2;0.5;2.4;4.1;0.8;4,1;;;4,1;1,1;0;1,5
Lavor Postell;7.7;1.2;3.7;33.3;0.3;1.1;23.1;0,9;;;;1.3;1.8;75.6;0.1;0.6;0.7;0.2;0.3;0.0;0.5;0.3;4.0;0.9;3,4;;;4;1,3;0,3;0,9
Danny Manning;13.5;1.7;3.6;47.7;0.0;0.2;14.3;1,75;;;;0.5;0.8;66.7;0.6;2.0;2.6;0.7;0.5;0.5;0.6;2.0;4.0;-0.9;4;;;4;0,5;0;1,75
Michael Curry;23.2;1.5;3.4;45.3;0.1;0.3;26.9;1,4;;;;0.9;1.1;79.1;0.2;1.9;2.0;1.5;0.6;0.1;0.7;2.5;4.0;-0.6;3,8;;;4;0,9;0,1;1,4
Mamadou N'diaye;9.4;1.2;2.0;60.0;0.0;0.0;0.0;1,2;;;;1.6;2.0;80.0;1.2;1.0;2.2;0.0;0.0;0.4;0.2;1.2;4.0;-1.0;4;;;4;1,6;0;1,2
Nick Anderson;14.7;1.4;5.1;27.6;0.9;3.2;27.1;0,5;;;;0.3;0.6;55.6;0.1;2.1;2.2;0.9;0.4;0.4;0.9;1.1;4.0;-4.1;2,2;;;4;0,3;0,9;0,5
Quincy Lewis;13.5;1.8;4.0;44.8;0.1;0.5;16.7;1,65;;;;0.4;0.6;65.0;0.3;0.9;1.2;1.0;0.6;0.3;0.9;2.5;4.0;-0.7;3,8;;;4;0,4;0,1;1,65
Shawnelle Scott;11.9;1.8;3.6;49.3;0.0;0.0;0.0;1,75;;;;0.4;1.0;40.0;2.5;2.4;4.9;0.4;0.1;0.3;0.7;2.3;3.9;-1.3;3,9;;;3,9;0,4;0;1,75
Robert Pack;15.9;1.6;4.3;36.8;0.1;0.3;25.0;1,45;;;;0.7;0.9;73.3;0.4;1.0;1.4;3.1;0.8;0.0;1.3;2.0;3.9;-1.4;3,7;;;3,9;0,7;0,1;1,45
Stephen Jackson;9.8;1.5;4.0;37.4;0.4;1.6;25.0;1,1;;;;0.5;0.7;70.6;0.1;1.0;1.1;0.5;0.7;0.1;1.0;1.3;3.9;-0.8;3,1;;;3,9;0,5;0,4;1,1
Antonis Fotsis;11.3;1.5;3.7;40.4;0.3;0.8;30.4;1,2;;;;0.6;0.7;85.0;0.9;1.3;2.2;0.4;0.3;0.4;0.8;0.8;3.9;-1.1;3,3;;;3,9;0,6;0,3;1,2
George Lynch;19.8;1.6;4.4;36.9;0.0;0.1;16.7;1,6;;;;0.6;0.9;62.5;1.6;2.6;4.1;1.2;0.9;0.3;0.9;1.7;3.8;-0.3;3,8;;;3,8;0,6;0;1,6
Charles Oakley;24.3;1.7;4.6;36.9;0.0;0.1;16.7;1,7;;;;0.4;0.5;75.0;1.3;4.8;6.0;2.0;0.9;0.2;1.5;3.1;3.8;-5.9;3,8;;;3,8;0,4;0;1,7
Walter McCarty;12.8;1.4;3.2;44.4;0.7;1.8;39.4;0,75;;;;0.2;0.3;68.4;0.6;1.7;2.3;0.7;0.3;0.1;0.4;1.5;3.8;-0.7;2,4;;;3,8;0,2;0,7;0,75
Joe Crispin;7.4;1.2;3.2;38.2;0.7;1.9;38.5;0,55;;;;0.6;0.6;92.3;0.1;0.4;0.5;1.2;0.2;0.0;0.5;0.5;3.8;-0.5;2,4;;;3,8;0,6;0,7;0,55
Terence Morris;16.4;1.6;4.3;38.4;0.2;1.1;19.2;1,45;;;;0.3;0.4;64.3;1.1;2.0;3.1;0.9;0.3;0.4;0.7;1.1;3.8;-3.1;3,4;;;3,8;0,3;0,2;1,45
Robert Traylor;11.1;1.4;3.3;42.6;0.0;0.0;100;1,4;;;;0.9;1.4;63.1;1.1;2.0;3.1;0.6;0.4;0.6;0.7;2.1;3.7;-0.9;3,7;;;3,7;0,9;0;1,4
Bobby Simmons;11.3;1.4;3.2;45.3;0.1;0.5;28.6;1,35;;;;0.7;1.0;73.3;0.8;0.9;1.7;0.6;0.4;0.2;0.5;1.0;3.7;-0.3;3,5;;;3,7;0,7;0,1;1,35
Dalibor Bagaric;12.7;1.4;3.6;40.4;0.0;0.0;0.0;1,45;;;;0.8;1.4;58.6;1.1;2.1;3.2;0.5;0.3;0.5;0.9;2.2;3.7;-2.8;3,7;;;3,7;0,8;0;1,45
Ike Austin;14.6;1.7;4.4;39.1;0.0;0.1;0.0;1,7;;;;0.2;0.2;100;0.5;2.9;3.4;0.6;0.4;0.2;0.5;1.7;3.6;-4.4;3,6;;;3,6;0,2;0;1,7
Earl Watson;15.1;1.5;3.3;45.3;0.3;0.7;36.4;1,15;;;;0.4;0.6;63.9;0.5;0.8;1.3;2.0;0.9;0.1;0.8;1.5;3.6;0.6;3;;;3,6;0,4;0,3;1,15
Corie Blount;19.9;1.6;3.5;45.8;0.0;0.0;0.0;1,6;;;;0.4;0.6;64.4;2.1;3.0;5.1;0.6;0.7;0.4;0.7;2.4;3.6;-1.8;3,6;;;3,6;0,4;0;1,6
Steven Hunter;9.7;1.3;2.8;45.6;0.0;0.0;0.0;1,3;;;;1.0;1.8;58.5;0.8;1.1;1.8;0.1;0.1;0.8;0.3;1.5;3.6;-1.9;3,6;;;3,6;1;0;1,3
Rafer Alston;11.9;1.3;3.8;34.6;0.5;1.4;38.0;0,8;;;;0.4;0.6;62.1;0.2;1.2;1.4;2.9;0.6;0.0;0.8;0.8;3.5;-1.0;2,5;;;3,5;0,4;0,5;0,8
Rodney White;8.0;1.3;3.8;35.0;0.1;0.6;22.2;1,2;;;;0.8;0.9;85.7;0.1;1.0;1.1;0.8;0.6;0.1;0.9;0.4;3.5;1.2;3,3;;;3,5;0,8;0,1;1,2
Brian Skinner;17.0;1.4;2.5;54.3;0.0;0.0;0.0;1,35;;;;0.7;1.2;60.8;1.4;2.9;4.3;0.3;0.4;0.9;0.6;2.0;3.4;-0.6;3,4;;;3,4;0,7;0;1,35
Bryce Drew;12.7;1.3;3.0;42.9;0.5;1.2;42.5;0,75;;;;0.4;0.5;79.3;0.2;1.0;1.2;1.7;0.5;0.0;0.5;0.8;3.4;0.5;2,4;;;3,4;0,4;0,5;0,75
Raja Bell;12.1;1.4;3.2;42.9;0.2;0.6;27.3;1,15;;;;0.5;0.6;75.0;0.4;1.1;1.5;1.0;0.3;0.1;0.6;1.5;3.4;-1.6;3;;;3,4;0,5;0,2;1,15
Mookie Blaylock;17.1;1.4;4.2;34.2;0.4;1.2;35.7;1,05;;;;0.1;0.2;50.0;0.2;1.3;1.5;3.3;0.7;0.1;1.1;0.6;3.4;-2.4;2,6;;;3,4;0,1;0,4;1,05
Matt Bullard;11.3;1.3;3.7;33.9;0.5;1.8;28.1;0,75;;;;0.4;0.4;91.7;0.3;1.2;1.5;0.5;0.1;0.1;0.4;0.9;3.4;-1.0;2,4;;;3,4;0,4;0,5;0,75
Tremaine Fowlkes;15.5;1.1;2.9;39.1;0.0;0.0;0.0;1,15;;;;1.1;1.4;77.4;1.5;1.5;2.9;0.8;0.5;0.0;0.6;1.8;3.4;-2.4;3,4;;;3,4;1,1;0;1,15
Milt Palacio;11.5;1.2;3.1;38.3;0.2;0.6;31.7;0,95;;;;0.8;1.1;73.0;0.2;0.9;1.1;1.2;0.4;0.1;0.6;0.9;3.3;-1.5;2,9;;;3,3;0,8;0,2;0,95
Ira Bowman;9.7;1.7;2.3;71.4;0.0;0.3;0.0;1,65;;;;0.0;0.0;0.0;0.0;0.3;0.3;0.3;0.7;0.0;0.0;1.0;3.3;-1.3;3,3;;;3,3;0;0;1,65
Sam Mack;13.4;1.2;4.1;28.6;0.6;2.3;25.0;0,55;;;;0.4;0.6;71.4;0.2;1.0;1.2;0.3;0.4;0.1;0.6;1.4;3.3;0.9;2,1;;;3,3;0,4;0,6;0,55
Greg Ostertag;15.0;1.2;2.7;45.3;0.0;0.0;0.0;1,2;;;;0.9;1.8;48.5;1.7;2.5;4.2;0.7;0.2;1.5;0.7;2.1;3.3;0.9;3,3;;;3,3;0,9;0;1,2
Vonteego Cummings;8.5;1.3;3.2;41.7;0.2;0.8;26.1;1,15;;;;0.4;0.6;75.0;0.2;0.7;0.9;1.0;0.3;0.1;0.6;0.9;3.3;-1.9;2,9;;;3,3;0,4;0,2;1,15
Sam Mitchell;9.8;1.3;3.1;43.2;0.1;0.5;28.6;1,25;;;;0.5;0.7;77.6;0.2;0.9;1.1;0.6;0.2;0.1;0.4;1.1;3.3;0.5;3,1;;;3,3;0,5;0,1;1,25
Don Reid;10.5;1.3;2.8;47.4;0.0;0.0;0.0;1,35;;;;0.6;1.0;64.7;1.0;1.6;2.6;0.4;0.3;0.6;0.8;2.6;3.3;-0.8;3,3;;;3,3;0,6;0;1,35
John Amaechi;10.9;1.0;3.1;32.5;0.0;0.0;0.0;1;;;;1.2;1.9;63.8;1.0;1.1;2.0;0.5;0.1;0.2;1.0;1.2;3.2;-2.4;3,2;;;3,2;1,2;0;1
Gerald Wallace;8.0;1.4;3.2;42.9;0.0;0.1;0.0;1,4;;;;0.4;0.9;50.0;0.9;0.7;1.6;0.5;0.4;0.1;0.4;0.9;3.2;0.2;3,2;;;3,2;0,4;0;1,4
Jabari Smith;7.9;1.1;2.7;41.3;0.0;0.1;0.0;1,15;;;;0.9;1.4;65.6;0.3;0.9;1.2;0.5;0.3;0.3;0.2;1.3;3.2;0.7;3,2;;;3,2;0,9;0;1,15
Bimbo Coles;14.8;1.2;3.1;38.4;0.1;0.4;20.0;1,1;;;;0.7;0.8;89.2;0.3;0.9;1.2;2.3;0.3;0.1;0.7;1.3;3.2;-4.0;3;;;3,2;0,7;0,1;1,1
Derrick Dial;9.3;1.3;3.8;34.2;0.0;0.3;9.1;1,3;;;;0.6;0.8;75.0;0.4;1.3;1.8;1.1;0.3;0.1;0.5;0.4;3.2;0.8;3,2;;;3,2;0,6;0;1,3
Randy Livingston;13.6;1.2;4.2;27.8;0.1;0.6;12.5;1,05;;;;0.8;0.8;90.9;0.7;1.2;1.9;2.0;0.7;0.2;0.2;0.8;3.2;3.8;3;;;3,2;0,8;0,1;1,05
Dan Langhi;12.7;1.4;3.7;39.2;0.0;0.1;25.0;1,45;;;;0.2;0.3;72.7;0.6;1.3;2.0;0.4;0.2;0.1;0.3;0.7;3.1;-4.5;3,1;;;3,1;0,2;0;1,45
Cal Bowdler;11.2;1.2;3.3;35.1;0.0;0.1;20.0;1,15;;;;0.8;0.9;83.0;0.7;1.4;2.1;0.2;0.3;0.3;0.2;1.2;3.1;0.0;3,1;;;3,1;0,8;0;1,15
Alton Ford;8.5;1.2;2.2;51.7;0.0;0.0;0.0;1,15;;;;0.8;1.1;73.7;0.6;1.4;2.0;0.1;0.1;0.1;0.6;1.9;3.1;-1.6;3,1;;;3,1;0,8;0;1,15
Tierre Brown;10.0;1.2;2.9;42.6;0.1;0.3;33.3;1,15;;;;0.5;0.7;75.0;0.3;0.8;1.1;1.8;0.5;0.1;1.0;0.7;3.1;-3.5;2,9;;;3,1;0,5;0,1;1,15
Erick Barkley;11.9;1.3;3.6;35.3;0.1;0.4;14.3;1,15;;;;0.5;0.5;90.0;0.3;0.7;0.9;1.8;0.9;0.1;0.6;1.5;3.1;-0.1;2,9;;;3,1;0,5;0,1;1,15
Carlos Arroyo;10.0;1.3;3.0;44.1;0.0;0.1;0.0;1,3;;;;0.4;0.5;72.2;0.3;0.8;1.1;1.9;0.3;0.0;0.6;0.8;3.0;-0.9;3;;;3;0,4;0;1,3
Cedric Henderson;5.8;1.3;2.6;48.4;0.2;0.3;50.0;1,05;;;;0.3;0.6;57.1;0.1;0.2;0.3;0.3;0.5;0.2;0.7;0.3;3.0;1.8;2,6;;;3;0,3;0,2;1,05
Chris Andersen;10.9;1.0;3.1;33.8;0.0;0.2;0.0;1,05;;;;0.9;1.2;78.6;1.6;1.6;3.2;0.3;0.3;1.2;0.5;1.5;3.0;1.2;3;;;3;0,9;0;1,05
Sean Rooks;12.0;1.3;3.2;41.8;0.0;0.0;0.0;1,35;;;;0.3;0.5;72.4;0.5;1.5;2.0;0.4;0.2;0.3;0.3;1.9;3.0;0.0;3;;;3;0,3;0;1,35
Brian Shaw;10.8;1.1;3.0;35.3;0.5;1.5;33.0;0,55;;;;0.3;0.4;69.2;0.3;1.6;1.9;1.5;0.4;0.1;0.6;0.7;2.9;1.7;1,9;;;2,9;0,3;0,5;0,55
Derrick McKey;19.1;1.3;3.0;42.6;0.1;0.3;41.7;1,2;;;;0.2;0.3;71.4;1.2;1.9;3.1;1.1;1.0;0.1;0.5;2.2;2.9;-0.4;2,7;;;2,9;0,2;0,1;1,2
Victor Alexander;6.8;1.3;3.6;35.3;0.0;0.1;0.0;1,3;;;;0.3;0.6;50.0;0.5;1.6;2.1;0.4;0.0;0.1;0.4;0.4;2.9;0.5;2,9;;;2,9;0,3;0;1,3
Mark Madsen;11.0;1.1;2.5;45.2;0.0;0.0;0.0;1,1;;;;0.6;0.9;64.8;1.5;1.2;2.7;0.7;0.3;0.2;0.4;1.8;2.8;1.2;2,8;;;2,8;0,6;0;1,1
Mike James;7.8;1.0;2.9;34.9;0.5;1.4;38.1;0,5;;;;0.3;0.5;57.1;0.1;0.8;0.9;1.3;0.4;0.1;0.9;1.1;2.8;-2.6;1,8;;;2,8;0,3;0,5;0,5
Zach Randolph;5.8;1.2;2.6;44.9;0.0;0.0;0.0;1,2;;;;0.4;0.7;66.7;0.7;0.9;1.7;0.3;0.2;0.1;0.4;0.7;2.8;-0.5;2,8;;;2,8;0,4;0;1,2
Anthony Johnson;10.8;1.1;2.6;41.1;0.1;0.4;33.3;1;;;;0.5;0.7;64.0;0.3;0.6;0.9;1.4;0.9;0.0;0.6;0.9;2.8;0.7;2,6;;;2,8;0,5;0,1;1
Norman Richardson;6.2;0.9;2.4;38.5;0.4;0.7;50.0;0,5;;;;0.5;0.8;66.7;0.3;0.5;0.7;0.2;0.0;0.0;0.3;0.5;2.7;-2.4;1,9;;;2,7;0,5;0,4;0,5
Carlos Rogers;7.7;1.1;2.0;55.8;0.0;0.3;16.7;1,1;;;;0.5;0.9;52.6;0.6;1.1;1.7;0.1;0.2;0.3;0.2;0.8;2.7;-1.3;2,7;;;2,7;0,5;0;1,1
Joel Przybilla;15.9;1.1;2.0;53.5;0.0;0.0;0.0;1,1;;;;0.5;1.3;42.2;1.1;2.9;4.0;0.3;0.3;1.7;0.6;2.8;2.7;-0.8;2,7;;;2,7;0,5;0;1,1
Daniel Santiago;8.1;1.3;2.7;50.0;0.0;0.0;0.0;1,35;;;;0.0;0.0;0.0;0.0;2.3;2.3;0.7;0.0;0.3;0.7;1.3;2.7;-2.0;2,7;;;2,7;0;0;1,35
Andrew DeClercq;10.4;1.1;2.4;45.0;0.0;0.0;0.0;1,1;;;;0.5;0.8;56.0;1.2;1.5;2.7;0.4;0.4;0.4;0.6;2.1;2.7;-0.2;2,7;;;2,7;0,5;0;1,1
Mitchell Butler;8.2;0.9;2.1;43.5;0.1;0.3;33.3;0,8;;;;0.7;1.1;66.7;0.5;0.7;1.3;0.5;0.0;0.1;0.5;0.9;2.6;-2.5;2,4;;;2,6;0,7;0,1;0,8
Mikki Moore;7.1;1.0;2.0;47.5;0.0;0.1;50.0;0,95;;;;0.7;0.9;76.9;0.7;1.0;1.7;0.4;0.2;0.3;0.5;1.2;2.6;0.3;2,6;;;2,6;0,7;0;0,95
Reggie Slater;5.9;0.9;1.9;46.7;0.0;0.0;0.0;0,85;;;;0.9;1.3;70.0;0.6;0.5;1.1;0.1;0.1;0.1;0.1;0.4;2.6;-0.6;2,6;;;2,6;0,9;0;0,85
Jason Hart;9.3;1.0;1.9;52.6;0.0;0.2;0.0;1;;;;0.6;0.6;100;0.4;0.9;1.3;1.2;0.7;0.1;0.8;1.6;2.6;0.2;2,6;;;2,6;0,6;0;1
Ervin Johnson;20.5;1.1;2.4;46.1;0.0;0.0;0.0;1,1;;;;0.4;0.8;45.5;1.8;4.0;5.8;0.3;0.5;1.0;0.6;2.7;2.6;-0.4;2,6;;;2,6;0,4;0;1,1
William Avery;9.3;0.9;3.2;28.9;0.2;1.3;17.1;0,7;;;;0.5;0.7;68.4;0.1;0.7;0.9;1.3;0.3;0.0;0.7;0.6;2.5;-0.7;2,1;;;2,5;0,5;0,2;0,7
Felipe Lopez;8.6;0.9;2.3;37.8;0.2;0.5;42.4;0,65;;;;0.6;0.8;67.3;0.4;0.8;1.2;0.6;0.3;0.0;0.5;1.1;2.5;-0.8;2,1;;;2,5;0,6;0,2;0,65
Jermaine Jackson;11.6;0.8;1.8;47.6;0.0;0.1;50.0;0,85;;;;0.7;1.0;66.7;0.1;1.0;1.1;2.4;0.4;0.0;0.6;1.0;2.4;-1.3;2,4;;;2,4;0,7;0;0,85
Eric Montross;13.4;1.1;2.7;40.2;0.0;0.0;0.0;1,1;;;;0.2;0.6;32.3;0.7;2.1;2.9;0.3;0.2;0.5;0.5;1.9;2.4;-2.2;2,4;;;2,4;0,2;0;1,1
Tang Hamilton;10.9;1.1;2.1;52.6;0.0;0.1;0.0;1,1;;;;0.0;0.1;0.0;0.7;1.3;2.0;0.6;0.4;0.0;0.2;1.1;2.2;-0.3;2,2;;;2,2;0;0;1,1
Leon Smith;7.2;0.7;1.9;38.5;0.0;0.0;0.0;0,7;;;;0.8;1.2;64.7;0.7;1.5;2.2;0.2;0.4;0.1;0.2;0.9;2.2;0.5;2,2;;;2,2;0,8;0;0,7
Mateen Cleaves;4.8;0.9;2.1;44.1;0.1;0.3;25.0;0,8;;;;0.3;0.3;88.9;0.0;0.2;0.3;0.8;0.2;0.0;0.8;0.3;2.2;-1.3;2;;;2,2;0,3;0,1;0,8
Kedrick Brown;8.5;0.8;2.4;32.9;0.2;0.9;18.5;0,6;;;;0.4;0.7;60.0;0.4;1.3;1.7;0.5;0.6;0.2;0.2;0.6;2.2;-0.2;1,8;;;2,2;0,4;0,2;0,6
Doug Overton;7.3;0.8;2.4;31.8;0.4;1.5;25.9;0,4;;;;0.2;0.4;57.1;0.1;0.6;0.7;0.7;0.2;0.1;0.7;0.6;2.2;-0.2;1,4;;;2,2;0,2;0,4;0,4
Harold Jamison;7.1;0.9;1.7;51.2;0.0;0.0;0.0;0,9;;;;0.4;0.6;66.7;1.0;0.6;1.6;0.2;0.2;0.0;0.2;0.9;2.2;-0.2;2,2;;;2,2;0,4;0;0,9
Brian Scalabrine;10.4;0.8;2.4;34.3;0.1;0.4;30.0;0,7;;;;0.4;0.5;73.3;0.4;1.4;1.8;0.8;0.3;0.1;0.9;1.4;2.1;0.6;1,9;;;2,1;0,4;0,1;0,7
Mark Blount;9.4;0.7;1.7;42.1;0.0;0.0;0.0;0,7;;;;0.7;0.8;81.1;0.6;1.3;1.9;0.2;0.4;0.4;0.5;1.3;2.1;-0.8;2,1;;;2,1;0,7;0;0,7
Brian Cardinal;5.3;0.8;1.6;46.2;0.4;0.9;42.9;0,3;;;;0.3;0.3;100;0.3;0.5;0.8;0.3;0.1;0.0;0.0;0.6;2.1;1.9;1,3;;;2,1;0,3;0,4;0,3
Rick Brunson;8.8;0.8;1.9;40.2;0.1;0.2;54.5;0,65;;;;0.5;0.7;70.7;0.4;0.8;1.2;1.9;0.4;0.0;0.8;0.9;2.1;-0.5;1,9;;;2,1;0,5;0,1;0,65
Dean Oliver;6.9;0.9;2.3;37.0;0.1;0.7;15.4;0,75;;;;0.3;0.5;66.7;0.0;0.4;0.4;1.1;0.2;0.0;0.6;0.8;2.1;-1.8;1,9;;;2,1;0,3;0,1;0,75
Maurice Evans;4.3;0.9;1.9;47.4;0.0;0.3;0.0;0,9;;;;0.3;0.4;75.0;0.3;0.1;0.4;0.4;0.0;0.0;0.2;0.9;2.1;-0.2;2,1;;;2,1;0,3;0;0,9
Evan Eschmeyer;9.6;0.7;1.6;42.0;0.0;0.0;0.0;0,7;;;;0.6;1.1;60.6;1.1;2.0;3.2;0.3;0.3;0.3;0.5;1.9;2.0;0.7;2;;;2;0,6;0;0,7
Michael Stewart;8.3;0.7;2.1;34.8;0.0;0.0;0.0;0,75;;;;0.5;1.0;54.5;1.1;1.2;2.3;0.3;0.4;0.3;0.4;2.0;2.0;0.2;2;;;2;0,5;0;0,75
Travis Knight;8.8;0.8;2.3;36.3;0.0;0.0;0.0;0,85;;;;0.3;0.4;76.2;1.0;1.1;2.1;0.2;0.2;0.2;0.6;1.9;2.0;-1.9;2;;;2;0,3;0;0,85
Primoz Brezec;7.3;0.6;1.3;48.3;0.0;0.0;0.0;0,65;;;;0.7;1.1;60.0;0.7;0.5;1.3;0.3;0.0;0.3;0.3;1.3;2.0;-0.8;2;;;2;0,7;0;0,65
Mark Pope;9.5;0.8;2.0;39.6;0.1;0.6;16.0;0,7;;;;0.2;0.5;52.4;0.4;1.2;1.6;0.4;0.2;0.2;0.3;1.0;1.9;-1.1;1,7;;;1,9;0,2;0,1;0,7
Amal McCaskill;5.7;0.7;1.8;40.8;0.0;0.0;0.0;0,75;;;;0.4;1.0;46.2;0.6;0.7;1.3;0.1;0.2;0.4;0.5;0.9;1.9;-2.1;1,9;;;1,9;0,4;0;0,75
Mark Bryant;6.7;0.8;1.8;45.5;0.0;0.0;0.0;0,85;;;;0.2;0.3;75.0;0.8;0.6;1.5;0.3;0.2;0.1;0.2;1.3;1.9;-0.6;1,9;;;1,9;0,2;0;0,85
Obinna Ekezie;5.1;0.4;1.3;33.3;0.0;0.0;0.0;0,45;;;;1.0;1.4;70.0;0.4;0.8;1.2;0.1;0.1;0.2;0.3;0.6;1.9;0.4;1,9;;;1,9;1;0;0,45
Ike Fontaine;12.7;0.5;2.3;21.4;0.2;0.8;20.0;0,25;;;;0.7;1.0;66.7;0.0;0.8;0.8;0.7;0.0;0.0;0.7;1.0;1.8;-8.3;1,4;;;1,8;0,7;0,2;0,25
Loren Woods;8.6;0.6;1.6;34.4;0.0;0.0;0.0;0,55;;;;0.7;1.0;73.3;0.8;1.3;2.0;0.4;0.3;0.6;0.6;1.0;1.8;-0.6;1,8;;;1,8;0,7;0;0,55
Brandon Armstrong;5.6;0.8;2.4;31.8;0.1;0.5;29.4;0,7;;;;0.1;0.3;50.0;0.3;0.2;0.5;0.2;0.2;0.0;0.2;0.7;1.8;-1.0;1,6;;;1,8;0,1;0,1;0,7
Antonio Harvey;9.5;0.8;2.4;33.3;0.0;0.0;0.0;0,8;;;;0.2;0.4;50.0;1.0;0.8;1.8;1.0;0.2;0.6;0.6;1.6;1.8;-2.6;1,8;;;1,8;0,2;0;0,8
Kirk Haston;5.2;0.7;2.6;28.2;0.0;0.2;0.0;0,7;;;;0.3;0.5;50.0;0.3;1.0;1.3;0.3;0.0;0.1;0.2;0.6;1.7;-0.9;1,7;;;1,7;0,3;0;0,7
Jud Buechler;10.3;0.7;1.8;37.3;0.3;0.9;35.0;0,4;;;;0.0;0.1;50.0;0.4;1.3;1.8;0.5;0.3;0.1;0.2;0.8;1.7;-1.6;1,1;;;1,7;0;0,3;0,4
Mike Penberthy;4.0;0.3;0.7;50.0;0.0;0.0;0.0;0,35;;;;1.0;1.3;75.0;0.0;0.7;0.7;0.7;0.7;0.0;0.0;0.0;1.7;-0.7;1,7;;;1,7;1;0;0,35
Brent Price;4.4;0.5;1.4;33.3;0.2;0.8;26.7;0,25;;;;0.5;0.7;69.2;0.2;0.2;0.4;0.5;0.2;0.1;0.5;0.7;1.6;-1.9;1,2;;;1,6;0,5;0,2;0,25
Olumide Oyedeji;6.2;0.6;1.1;53.7;0.0;0.0;0.0;0,6;;;;0.3;0.5;61.1;0.8;1.4;2.2;0.1;0.1;0.1;0.4;1.0;1.5;0.4;1,5;;;1,5;0,3;0;0,6
Cherokee Parks;5.5;0.7;2.0;36.1;0.0;0.0;0.0;0,7;;;;0.1;0.2;37.5;0.6;0.8;1.4;0.2;0.2;0.2;0.3;0.8;1.5;-1.6;1,5;;;1,5;0,1;0;0,7
Donny Marshall;5.9;0.4;1.5;27.6;0.1;0.2;50.0;0,3;;;;0.6;0.9;66.7;0.4;0.7;1.1;0.3;0.2;0.0;0.1;0.7;1.5;-0.7;1,3;;;1,5;0,6;0,1;0,3
Jeff Trepagnier;6.3;0.6;1.9;30.4;0.0;0.1;0.0;0,6;;;;0.3;0.6;57.1;0.3;0.8;1.0;1.0;0.7;0.3;0.9;0.7;1.5;1.2;1,5;;;1,5;0,3;0;0,6
Larry Robinson;5.4;0.5;2.0;25.0;0.5;1.0;50.0;0;;;;0.0;0.0;0.0;0.0;1.0;1.0;0.0;0.0;0.0;0.0;0.5;1.5;2.5;0,5;;;1,5;0;0,5;0
Samuel Dalembert;5.2;0.6;1.5;44.0;0.0;0.0;0.0;0,65;;;;0.2;0.5;38.9;0.7;1.3;2.0;0.1;0.2;0.4;0.4;0.9;1.5;-0.6;1,5;;;1,5;0,2;0;0,65
Bruno Sundov;3.9;0.7;1.8;40.0;0.0;0.0;0.0;0,75;;;;0.0;0.1;0.0;0.3;0.6;1.0;0.1;0.1;0.1;0.2;0.7;1.5;0.1;1,5;;;1,5;0;0;0,75
Jeryl Sasser;4.9;0.4;2.0;21.4;0.0;0.0;0.0;0,4;;;;0.6;0.7;80.0;0.4;0.6;1.0;0.3;0.4;0.0;0.3;0.4;1.4;-2.3;1,4;;;1,4;0,6;0;0,4
DeSagana Diop;6.1;0.7;1.6;41.4;0.0;0.0;0.0;0,65;;;;0.1;0.3;20.0;0.3;0.7;0.9;0.3;0.1;0.6;0.7;1.1;1.4;-0.3;1,4;;;1,4;0,1;0;0,65
Damone Brown;3.8;0.5;1.2;38.1;0.0;0.1;0.0;0,5;;;;0.4;0.5;87.5;0.1;0.1;0.2;0.1;0.1;0.1;0.5;0.6;1.4;-0.9;1,4;;;1,4;0,4;0;0,5
Tim James;4.5;0.6;1.4;38.5;0.0;0.0;0.0;0,55;;;;0.2;0.7;33.3;0.6;0.2;0.8;0.1;0.0;0.1;0.3;0.6;1.3;-1.8;1,3;;;1,3;0,2;0;0,55
Jelani McCoy;5.0;0.6;1.0;57.1;0.0;0.0;0.0;0,55;;;;0.1;0.4;25.0;0.4;0.8;1.2;0.3;0.0;0.2;0.4;0.7;1.2;-1.8;1,2;;;1,2;0,1;0;0,55
Ruben Boumtje-Boumtje;7.4;0.4;1.0;40.6;0.0;0.0;0.0;0,4;;;;0.4;0.8;52.0;0.6;1.0;1.7;0.1;0.1;0.5;0.4;1.2;1.2;-2.5;1,2;;;1,2;0,4;0;0,4
Chucky Brown;5.1;0.6;1.5;37.0;0.0;0.0;0.0;0,55;;;;0.1;0.1;50.0;0.6;1.3;1.8;0.3;0.1;0.2;0.3;0.7;1.2;-1.1;1,2;;;1,2;0,1;0;0,55
Greg Foster;4.2;0.3;1.5;22.2;0.0;0.7;0.0;0,35;;;;0.5;0.7;75.0;0.0;1.3;1.3;0.2;0.0;0.0;0.0;0.7;1.2;-1.8;1,2;;;1,2;0,5;0;0,35
Michael Bradley;4.5;0.5;1.0;52.0;0.0;0.1;0.0;0,5;;;;0.2;0.3;50.0;0.3;0.7;0.9;0.1;0.0;0.2;0.2;0.4;1.2;-1.7;1,2;;;1,2;0,2;0;0,5
Charlie Bell;6.0;0.4;1.6;27.3;0.0;0.9;0.0;0,4;;;;0.3;0.3;100;0.3;0.4;0.7;0.3;0.0;0.0;0.7;0.4;1.1;-2.9;1,1;;;1,1;0,3;0;0,4
Alvin Jones;5.4;0.3;0.9;40.0;0.0;0.0;0.0;0,35;;;;0.4;0.9;50.0;0.6;1.0;1.6;0.1;0.1;0.4;0.5;1.5;1.1;-0.5;1,1;;;1,1;0,4;0;0,35
Chris Dudley;7.6;0.5;1.2;40.0;0.0;0.0;0.0;0,45;;;;0.2;0.3;53.3;0.6;1.2;1.9;0.3;0.1;0.3;0.3;1.0;1.1;0.3;1,1;;;1,1;0,2;0;0,45
Jerome Moiso;5.0;0.5;1.3;40.0;0.0;0.0;0.0;0,55;;;;0.0;0.0;0.0;0.3;1.4;1.7;0.3;0.2;0.1;0.5;0.8;1.1;0.3;1,1;;;1,1;0;0;0,55
Michael Ruffin;11.2;0.5;1.7;26.9;0.0;0.0;0.0;0,5;;;;0.1;0.5;25.0;1.5;1.9;3.4;0.3;0.3;0.5;0.7;1.5;1.1;-3.1;1,1;;;1,1;0,1;0;0,5
Dean Garrett;5.3;0.5;1.6;32.7;0.0;0.0;0.0;0,55;;;;0.0;0.1;0.0;0.5;1.2;1.7;0.1;0.2;0.3;0.3;0.9;1.1;0.1;1,1;;;1,1;0;0;0,55
Dee Brown;9.4;0.4;2.9;15.0;0.1;1.7;8.3;0,35;;;;0.0;0.0;0.0;0.0;1.3;1.3;0.3;0.4;0.1;0.6;0.6;1.0;-0.4;0,8;;;1;0;0,1;0,35
Ernest Brown;7.1;0.3;2.0;16.7;0.0;0.0;0.0;0,35;;;;0.3;1.3;25.0;0.3;1.7;2.0;0.0;0.0;0.3;1.0;1.3;1.0;-7.3;1;;;1;0,3;0;0,35
Vinny Del Negro;2.6;0.5;2.0;25.0;0.0;0.0;0.0;0,5;;;;0.0;0.0;0.0;0.0;0.0;0.0;1.0;0.0;0.0;0.0;0.0;1.0;-0.5;1;;;1;0;0;0,5
Felton Spencer;7.8;0.2;0.8;23.1;0.0;0.0;0.0;0,2;;;;0.5;1.0;51.5;0.5;1.1;1.6;0.1;0.2;0.3;0.4;2.3;0.9;-0.5;0,9;;;0,9;0,5;0;0,2
Eldridge Recasner;5.5;0.3;1.0;33.3;0.0;0.2;0.0;0,3;;;;0.2;0.2;100;0.0;0.0;0.0;0.8;0.2;0.0;0.2;0.7;0.8;0.0;0,8;;;0,8;0,2;0;0,3
Joseph Forte;4.8;0.1;1.5;8.3;0.0;0.4;0.0;0,15;;;;0.5;0.5;100;0.1;0.6;0.8;0.8;0.3;0.0;0.4;0.1;0.8;-2.1;0,8;;;0,8;0,5;0;0,15
Matt Geiger;8.8;0.3;2.0;12.5;0.0;0.0;0.0;0,25;;;;0.3;0.5;50.0;0.8;0.8;1.5;0.0;0.0;0.5;0.5;0.5;0.8;-6.5;0,8;;;0,8;0,3;0;0,25
Steve Goodrich;5.5;0.2;1.1;20.0;0.0;0.0;0.0;0,25;;;;0.1;0.2;50.0;0.1;0.4;0.6;0.6;0.1;0.2;0.3;1.1;0.6;-1.0;0,6;;;0,6;0,1;0;0,25
Darrick Martin;7.5;0.0;3.3;0.0;0.0;0.7;0.0;0;;;;0.3;0.7;50.0;0.0;0.3;0.3;1.0;0.7;0.0;0.3;1.3;0.3;-7.7;0,3;;;0,3;0,3;0;0
Jamison Brewer;3.2;0.2;0.4;40.0;0.0;0.1;0.0;0,15;;;;0.0;0.0;0.0;0.2;0.5;0.6;0.7;0.2;0.0;0.2;0.2;0.3;0.1;0,3;;;0,3;0;0;0,15
Dickey Simpkins;2.8;0.0;0.0;0.0;0.0;0.0;0.0;0;;;;0.0;0.0;0.0;0.0;0.0;0.0;1.0;0.0;0.0;0.0;0.0;0.0;-1.0;0;;;0;0;0;0
Randy Brown;5.9;0.0;1.0;0.0;0.0;0.0;0.0;0;;;;0.0;0.0;0.0;0.0;0.0;0.0;2.0;0.0;1.0;0.0;1.0;0.0;-4.0;0;;;0;0;0;0
